QUOTE_ID,PRODUCT_ID,QUOTE_TS,BID_PRICE,ASK_PRICE,VOLUME,SOURCE_CD,PAYLOAD_JSON
1,42,2024-09-05 12:56:37,7569.1695,7573.1682,677160,EXCHANGE,"{""bid"": 7569.1695, ""ask"": 7573.1682, ""volume"": 677160, ""spread"": 3.9987}"
2,17,2024-10-14 16:47:54,33478.6486,33481.3371,851672,EXCHANGE,"{""bid"": 33478.6486, ""ask"": 33481.3371, ""volume"": 851672, ""spread"": 2.6885}"
3,17,2024-06-05 19:08:55,35727.8305,35730.0492,476673,EXCHANGE,"{""bid"": 35727.8305, ""ask"": 35730.0492, ""volume"": 476673, ""spread"": 2.2187}"
4,3,2024-11-24 11:13:05,38613.4021,38616.0789,535178,EXCHANGE,"{""bid"": 38613.4021, ""ask"": 38616.0789, ""volume"": 535178, ""spread"": 2.6768}"
5,29,2024-02-02 00:15:12,40835.9587,40836.9944,733472,OTC,"{""bid"": 40835.9587, ""ask"": 40836.9944, ""volume"": 733472, ""spread"": 1.0357}"
6,55,2024-03-08 22:11:40,35162.1804,35165.3391,239059,OTC,"{""bid"": 35162.1804, ""ask"": 35165.3391, ""volume"": 239059, ""spread"": 3.1587}"
7,54,2024-08-11 02:27:22,13551.4394,13551.9876,546874,EXCHANGE,"{""bid"": 13551.4394, ""ask"": 13551.9876, ""volume"": 546874, ""spread"": 0.5482}"
8,26,2024-05-01 14:03:31,38896.0685,38899.897,691330,EXCHANGE,"{""bid"": 38896.0685, ""ask"": 38899.897, ""volume"": 691330, ""spread"": 3.8285}"
9,23,2024-12-10 23:12:55,4682.2168,4685.2811,266484,OTC,"{""bid"": 4682.2168, ""ask"": 4685.2811, ""volume"": 266484, ""spread"": 3.0643}"
10,43,2024-04-07 11:40:59,7741.0711,7741.8468,956958,OTC,"{""bid"": 7741.0711, ""ask"": 7741.8468, ""volume"": 956958, ""spread"": 0.7757}"
11,54,2024-01-07 03:06:10,47119.3551,47121.2391,772061,EXCHANGE,"{""bid"": 47119.3551, ""ask"": 47121.2391, ""volume"": 772061, ""spread"": 1.884}"
12,37,2024-02-27 23:34:02,31930.8697,31933.5696,272739,EXCHANGE,"{""bid"": 31930.8697, ""ask"": 31933.5696, ""volume"": 272739, ""spread"": 2.6999}"
13,43,2024-01-19 19:35:16,38686.1103,38687.4353,7942,OTC,"{""bid"": 38686.1103, ""ask"": 38687.4353, ""volume"": 7942, ""spread"": 1.325}"
14,11,2024-09-16 04:45:34,30697.0576,30698.7779,937307,EXCHANGE,"{""bid"": 30697.0576, ""ask"": 30698.7779, ""volume"": 937307, ""spread"": 1.7203}"
15,33,2024-04-23 20:12:59,16359.3415,16362.3465,102768,EXCHANGE,"{""bid"": 16359.3415, ""ask"": 16362.3465, ""volume"": 102768, ""spread"": 3.005}"
16,6,2024-01-07 12:43:17,41697.9112,41698.7448,349930,OTC,"{""bid"": 41697.9112, ""ask"": 41698.7448, ""volume"": 349930, ""spread"": 0.8336}"
17,38,2024-01-29 20:22:28,614.0413,618.8638,813684,EXCHANGE,"{""bid"": 614.0413, ""ask"": 618.8638, ""volume"": 813684, ""spread"": 4.8225}"
18,5,2024-09-05 11:16:26,9493.5387,9496.846,621202,EXCHANGE,"{""bid"": 9493.5387, ""ask"": 9496.846, ""volume"": 621202, ""spread"": 3.3073}"
19,9,2024-06-07 07:09:01,8439.7676,8444.6882,260258,EXCHANGE,"{""bid"": 8439.7676, ""ask"": 8444.6882, ""volume"": 260258, ""spread"": 4.9206}"
20,51,2024-08-02 06:25:37,46385.2218,46386.2376,695489,EXCHANGE,"{""bid"": 46385.2218, ""ask"": 46386.2376, ""volume"": 695489, ""spread"": 1.0158}"
21,27,2024-08-31 20:21:38,20487.5571,20491.2988,15420,EXCHANGE,"{""bid"": 20487.5571, ""ask"": 20491.2988, ""volume"": 15420, ""spread"": 3.7417}"
22,58,2024-01-02 07:24:20,19315.9451,19320.5934,708677,EXCHANGE,"{""bid"": 19315.9451, ""ask"": 19320.5934, ""volume"": 708677, ""spread"": 4.6483}"
23,59,2024-10-03 22:40:27,46750.0787,46752.0047,234082,EXCHANGE,"{""bid"": 46750.0787, ""ask"": 46752.0047, ""volume"": 234082, ""spread"": 1.926}"
24,22,2024-05-17 22:04:28,31313.6973,31317.3958,72036,EXCHANGE,"{""bid"": 31313.6973, ""ask"": 31317.3958, ""volume"": 72036, ""spread"": 3.6985}"
25,15,2024-05-14 09:53:12,7427.1692,7430.2433,817203,EXCHANGE,"{""bid"": 7427.1692, ""ask"": 7430.2433, ""volume"": 817203, ""spread"": 3.0741}"
26,57,2024-08-01 06:03:52,8577.5942,8580.5363,931158,EXCHANGE,"{""bid"": 8577.5942, ""ask"": 8580.5363, ""volume"": 931158, ""spread"": 2.9421}"
27,6,2024-02-29 13:21:11,21121.252,21122.5779,367735,OTC,"{""bid"": 21121.252, ""ask"": 21122.5779, ""volume"": 367735, ""spread"": 1.3259}"
28,15,2024-11-03 04:51:08,34275.8946,34277.5598,61482,EXCHANGE,"{""bid"": 34275.8946, ""ask"": 34277.5598, ""volume"": 61482, ""spread"": 1.6652}"
29,27,2024-08-17 11:06:52,2940.5641,2944.2003,563855,OTC,"{""bid"": 2940.5641, ""ask"": 2944.2003, ""volume"": 563855, ""spread"": 3.6362}"
30,14,2024-05-12 17:19:44,11047.6197,11051.7368,378471,EXCHANGE,"{""bid"": 11047.6197, ""ask"": 11051.7368, ""volume"": 378471, ""spread"": 4.1171}"
31,53,2024-12-11 22:18:42,20721.8615,20722.3387,897626,EXCHANGE,"{""bid"": 20721.8615, ""ask"": 20722.3387, ""volume"": 897626, ""spread"": 0.4772}"
32,2,2024-09-03 18:06:30,504.306,504.6934,640876,EXCHANGE,"{""bid"": 504.306, ""ask"": 504.6934, ""volume"": 640876, ""spread"": 0.3874}"
33,6,2024-12-16 22:11:00,46162.0441,46162.9286,883634,EXCHANGE,"{""bid"": 46162.0441, ""ask"": 46162.9286, ""volume"": 883634, ""spread"": 0.8845}"
34,10,2024-04-27 10:06:54,42586.6019,42590.1011,231167,EXCHANGE,"{""bid"": 42586.6019, ""ask"": 42590.1011, ""volume"": 231167, ""spread"": 3.4992}"
35,8,2024-09-03 22:10:29,44062.7152,44066.6574,819968,EXCHANGE,"{""bid"": 44062.7152, ""ask"": 44066.6574, ""volume"": 819968, ""spread"": 3.9422}"
36,36,2024-11-26 13:49:58,35398.4926,35400.0257,552787,EXCHANGE,"{""bid"": 35398.4926, ""ask"": 35400.0257, ""volume"": 552787, ""spread"": 1.5331}"
37,4,2024-08-16 16:19:30,21013.1328,21017.8125,749012,EXCHANGE,"{""bid"": 21013.1328, ""ask"": 21017.8125, ""volume"": 749012, ""spread"": 4.6797}"
38,27,2024-11-01 04:44:56,42434.7807,42437.8489,821241,OTC,"{""bid"": 42434.7807, ""ask"": 42437.8489, ""volume"": 821241, ""spread"": 3.0682}"
39,26,2024-10-31 08:32:48,14988.8076,14990.0796,206593,EXCHANGE,"{""bid"": 14988.8076, ""ask"": 14990.0796, ""volume"": 206593, ""spread"": 1.272}"
40,5,2024-02-06 06:56:54,32309.0462,32309.3118,448855,EXCHANGE,"{""bid"": 32309.0462, ""ask"": 32309.3118, ""volume"": 448855, ""spread"": 0.2656}"
41,45,2024-06-09 16:44:54,11051.7312,11053.3996,565084,EXCHANGE,"{""bid"": 11051.7312, ""ask"": 11053.3996, ""volume"": 565084, ""spread"": 1.6684}"
42,53,2024-01-15 02:29:38,2375.5231,2375.7364,192409,OTC,"{""bid"": 2375.5231, ""ask"": 2375.7364, ""volume"": 192409, ""spread"": 0.2133}"
43,10,2024-02-08 17:12:36,2785.639,2790.5506,127137,EXCHANGE,"{""bid"": 2785.639, ""ask"": 2790.5506, ""volume"": 127137, ""spread"": 4.9116}"
44,8,2024-03-13 16:23:10,3075.582,3076.1874,606672,EXCHANGE,"{""bid"": 3075.582, ""ask"": 3076.1874, ""volume"": 606672, ""spread"": 0.6054}"
45,12,2024-11-18 10:21:03,13721.7415,13724.8253,215442,EXCHANGE,"{""bid"": 13721.7415, ""ask"": 13724.8253, ""volume"": 215442, ""spread"": 3.0838}"
46,31,2024-01-02 18:26:19,37503.1437,37504.465,820534,EXCHANGE,"{""bid"": 37503.1437, ""ask"": 37504.465, ""volume"": 820534, ""spread"": 1.3213}"
47,12,2024-04-19 19:41:15,35502.3806,35503.812,987212,EXCHANGE,"{""bid"": 35502.3806, ""ask"": 35503.812, ""volume"": 987212, ""spread"": 1.4314}"
48,51,2024-08-31 17:06:41,19596.0544,19598.469,732475,OTC,"{""bid"": 19596.0544, ""ask"": 19598.469, ""volume"": 732475, ""spread"": 2.4146}"
49,22,2024-07-15 18:01:18,19749.002,19752.4708,435070,EXCHANGE,"{""bid"": 19749.002, ""ask"": 19752.4708, ""volume"": 435070, ""spread"": 3.4688}"
50,43,2024-12-12 10:53:30,4425.4172,4428.3585,968838,OTC,"{""bid"": 4425.4172, ""ask"": 4428.3585, ""volume"": 968838, ""spread"": 2.9413}"
51,13,2024-07-01 18:28:40,1541.1769,1542.4225,847087,EXCHANGE,"{""bid"": 1541.1769, ""ask"": 1542.4225, ""volume"": 847087, ""spread"": 1.2456}"
52,49,2024-03-02 20:56:31,48379.5402,48381.0323,838046,OTC,"{""bid"": 48379.5402, ""ask"": 48381.0323, ""volume"": 838046, ""spread"": 1.4921}"
53,27,2024-12-02 20:05:25,20462.5534,20464.0936,308005,EXCHANGE,"{""bid"": 20462.5534, ""ask"": 20464.0936, ""volume"": 308005, ""spread"": 1.5402}"
54,33,2024-09-29 01:41:02,20585.9419,20586.4027,876917,EXCHANGE,"{""bid"": 20585.9419, ""ask"": 20586.4027, ""volume"": 876917, ""spread"": 0.4608}"
55,15,2025-01-25 15:09:44,28156.2257,28156.3016,262776,EXCHANGE,"{""bid"": 28156.2257, ""ask"": 28156.3016, ""volume"": 262776, ""spread"": 0.0759}"
56,43,2024-05-29 12:50:45,32527.5833,32529.1815,62960,EXCHANGE,"{""bid"": 32527.5833, ""ask"": 32529.1815, ""volume"": 62960, ""spread"": 1.5982}"
57,52,2024-02-01 13:27:15,26536.7153,26539.0597,929812,EXCHANGE,"{""bid"": 26536.7153, ""ask"": 26539.0597, ""volume"": 929812, ""spread"": 2.3444}"
58,37,2024-01-07 05:13:32,14543.8155,14546.2534,638150,EXCHANGE,"{""bid"": 14543.8155, ""ask"": 14546.2534, ""volume"": 638150, ""spread"": 2.4379}"
59,9,2024-12-20 21:47:23,37034.9253,37037.4471,135576,EXCHANGE,"{""bid"": 37034.9253, ""ask"": 37037.4471, ""volume"": 135576, ""spread"": 2.5218}"
60,56,2024-04-01 09:37:48,8728.6239,8729.8453,805352,EXCHANGE,"{""bid"": 8728.6239, ""ask"": 8729.8453, ""volume"": 805352, ""spread"": 1.2214}"
61,15,2024-07-07 14:12:30,20382.0479,20383.0239,388909,OTC,"{""bid"": 20382.0479, ""ask"": 20383.0239, ""volume"": 388909, ""spread"": 0.976}"
62,22,2024-10-03 17:04:02,41462.5941,41463.5316,144477,EXCHANGE,"{""bid"": 41462.5941, ""ask"": 41463.5316, ""volume"": 144477, ""spread"": 0.9375}"
63,40,2024-07-04 04:55:04,27850.0174,27852.6998,28423,EXCHANGE,"{""bid"": 27850.0174, ""ask"": 27852.6998, ""volume"": 28423, ""spread"": 2.6824}"
64,12,2024-11-03 13:01:00,21968.8286,21973.1927,962379,OTC,"{""bid"": 21968.8286, ""ask"": 21973.1927, ""volume"": 962379, ""spread"": 4.3641}"
65,30,2024-09-02 19:18:28,2992.9877,2997.5802,172508,EXCHANGE,"{""bid"": 2992.9877, ""ask"": 2997.5802, ""volume"": 172508, ""spread"": 4.5925}"
66,1,2024-03-24 06:15:10,47468.0196,47468.5691,673592,EXCHANGE,"{""bid"": 47468.0196, ""ask"": 47468.5691, ""volume"": 673592, ""spread"": 0.5495}"
67,40,2024-09-03 15:38:54,41347.5253,41350.8808,285341,EXCHANGE,"{""bid"": 41347.5253, ""ask"": 41350.8808, ""volume"": 285341, ""spread"": 3.3555}"
68,29,2024-03-03 21:05:52,5528.3646,5531.4795,122931,OTC,"{""bid"": 5528.3646, ""ask"": 5531.4795, ""volume"": 122931, ""spread"": 3.1149}"
69,51,2024-11-04 11:08:31,33096.3106,33099.2383,572007,EXCHANGE,"{""bid"": 33096.3106, ""ask"": 33099.2383, ""volume"": 572007, ""spread"": 2.9277}"
70,20,2024-11-04 07:05:04,49040.0156,49043.584,425287,OTC,"{""bid"": 49040.0156, ""ask"": 49043.584, ""volume"": 425287, ""spread"": 3.5684}"
71,7,2024-09-20 02:12:37,35859.4295,35864.1415,891589,EXCHANGE,"{""bid"": 35859.4295, ""ask"": 35864.1415, ""volume"": 891589, ""spread"": 4.712}"
72,7,2024-02-03 02:21:48,2636.2398,2639.9793,266972,EXCHANGE,"{""bid"": 2636.2398, ""ask"": 2639.9793, ""volume"": 266972, ""spread"": 3.7395}"
73,55,2024-12-16 04:38:21,46130.6057,46135.0958,386741,EXCHANGE,"{""bid"": 46130.6057, ""ask"": 46135.0958, ""volume"": 386741, ""spread"": 4.4901}"
74,9,2024-12-21 01:50:53,14085.9866,14087.7969,169562,EXCHANGE,"{""bid"": 14085.9866, ""ask"": 14087.7969, ""volume"": 169562, ""spread"": 1.8103}"
75,52,2024-04-11 17:06:30,47965.469,47967.7101,546943,OTC,"{""bid"": 47965.469, ""ask"": 47967.7101, ""volume"": 546943, ""spread"": 2.2411}"
76,8,2024-11-19 12:16:28,4842.562,4845.1511,109370,EXCHANGE,"{""bid"": 4842.562, ""ask"": 4845.1511, ""volume"": 109370, ""spread"": 2.5891}"
77,22,2025-01-11 14:37:03,14130.8263,14132.4354,492725,EXCHANGE,"{""bid"": 14130.8263, ""ask"": 14132.4354, ""volume"": 492725, ""spread"": 1.6091}"
78,20,2025-01-07 01:55:29,46634.938,46635.931,267593,EXCHANGE,"{""bid"": 46634.938, ""ask"": 46635.931, ""volume"": 267593, ""spread"": 0.993}"
79,57,2024-03-07 21:26:44,30709.1672,30712.9952,993648,EXCHANGE,"{""bid"": 30709.1672, ""ask"": 30712.9952, ""volume"": 993648, ""spread"": 3.828}"
80,57,2024-01-23 04:30:32,24752.895,24753.9175,2286,EXCHANGE,"{""bid"": 24752.895, ""ask"": 24753.9175, ""volume"": 2286, ""spread"": 1.0225}"
81,30,2024-09-11 21:33:45,38868.8086,38870.1913,807035,EXCHANGE,"{""bid"": 38868.8086, ""ask"": 38870.1913, ""volume"": 807035, ""spread"": 1.3827}"
82,15,2024-10-09 07:09:48,20198.5903,20200.3538,630635,EXCHANGE,"{""bid"": 20198.5903, ""ask"": 20200.3538, ""volume"": 630635, ""spread"": 1.7635}"
83,15,2024-03-02 00:21:06,32457.813,32460.4649,958533,EXCHANGE,"{""bid"": 32457.813, ""ask"": 32460.4649, ""volume"": 958533, ""spread"": 2.6519}"
84,51,2024-07-30 05:28:43,37965.4061,37969.5092,93249,EXCHANGE,"{""bid"": 37965.4061, ""ask"": 37969.5092, ""volume"": 93249, ""spread"": 4.1031}"
85,59,2024-01-07 10:29:55,35450.0596,35452.1425,105524,EXCHANGE,"{""bid"": 35450.0596, ""ask"": 35452.1425, ""volume"": 105524, ""spread"": 2.0829}"
86,3,2024-11-08 11:28:24,27440.1099,27444.2469,373771,EXCHANGE,"{""bid"": 27440.1099, ""ask"": 27444.2469, ""volume"": 373771, ""spread"": 4.137}"
87,3,2024-11-15 08:16:15,41643.9349,41646.2961,627312,EXCHANGE,"{""bid"": 41643.9349, ""ask"": 41646.2961, ""volume"": 627312, ""spread"": 2.3612}"
88,2,2024-02-12 10:29:26,5439.8116,5441.6487,111417,OTC,"{""bid"": 5439.8116, ""ask"": 5441.6487, ""volume"": 111417, ""spread"": 1.8371}"
89,33,2024-10-04 02:17:12,1187.1869,1191.725,561951,EXCHANGE,"{""bid"": 1187.1869, ""ask"": 1191.725, ""volume"": 561951, ""spread"": 4.5381}"
90,17,2024-05-26 04:30:45,24877.8095,24878.2826,104750,EXCHANGE,"{""bid"": 24877.8095, ""ask"": 24878.2826, ""volume"": 104750, ""spread"": 0.4731}"
91,8,2024-07-23 05:31:59,18649.072,18651.0427,638865,EXCHANGE,"{""bid"": 18649.072, ""ask"": 18651.0427, ""volume"": 638865, ""spread"": 1.9707}"
92,29,2024-10-09 13:38:14,45773.5554,45778.1627,306255,EXCHANGE,"{""bid"": 45773.5554, ""ask"": 45778.1627, ""volume"": 306255, ""spread"": 4.6073}"
93,8,2024-09-12 03:24:48,49629.9403,49634.216,214864,EXCHANGE,"{""bid"": 49629.9403, ""ask"": 49634.216, ""volume"": 214864, ""spread"": 4.2757}"
94,10,2024-01-26 16:30:22,21648.7945,21649.5444,997691,EXCHANGE,"{""bid"": 21648.7945, ""ask"": 21649.5444, ""volume"": 997691, ""spread"": 0.7499}"
95,41,2024-10-03 18:52:24,2748.6258,2751.0089,733327,EXCHANGE,"{""bid"": 2748.6258, ""ask"": 2751.0089, ""volume"": 733327, ""spread"": 2.3831}"
96,23,2024-08-31 02:28:25,9253.0649,9253.8018,753723,OTC,"{""bid"": 9253.0649, ""ask"": 9253.8018, ""volume"": 753723, ""spread"": 0.7369}"
97,35,2024-05-23 22:55:40,42386.1695,42389.7893,179773,EXCHANGE,"{""bid"": 42386.1695, ""ask"": 42389.7893, ""volume"": 179773, ""spread"": 3.6198}"
98,32,2024-01-03 04:54:13,40127.8572,40127.8711,353848,EXCHANGE,"{""bid"": 40127.8572, ""ask"": 40127.8711, ""volume"": 353848, ""spread"": 0.0139}"
99,19,2024-09-11 00:15:58,18431.3314,18432.5279,601484,EXCHANGE,"{""bid"": 18431.3314, ""ask"": 18432.5279, ""volume"": 601484, ""spread"": 1.1965}"
100,39,2024-03-24 09:07:24,24728.8174,24731.4313,593952,EXCHANGE,"{""bid"": 24728.8174, ""ask"": 24731.4313, ""volume"": 593952, ""spread"": 2.6139}"
101,14,2024-01-18 08:55:23,49901.5624,49902.3422,934388,EXCHANGE,"{""bid"": 49901.5624, ""ask"": 49902.3422, ""volume"": 934388, ""spread"": 0.7798}"
102,6,2024-02-13 04:42:15,45546.2762,45547.7267,844647,EXCHANGE,"{""bid"": 45546.2762, ""ask"": 45547.7267, ""volume"": 844647, ""spread"": 1.4505}"
103,40,2024-02-18 05:17:32,44525.5562,44526.1818,390386,EXCHANGE,"{""bid"": 44525.5562, ""ask"": 44526.1818, ""volume"": 390386, ""spread"": 0.6256}"
104,20,2024-01-24 19:14:35,45118.191,45120.8975,754558,EXCHANGE,"{""bid"": 45118.191, ""ask"": 45120.8975, ""volume"": 754558, ""spread"": 2.7065}"
105,32,2024-02-20 12:18:44,30738.3444,30740.9775,759284,EXCHANGE,"{""bid"": 30738.3444, ""ask"": 30740.9775, ""volume"": 759284, ""spread"": 2.6331}"
106,52,2024-01-12 11:40:36,20195.038,20196.2278,616577,OTC,"{""bid"": 20195.038, ""ask"": 20196.2278, ""volume"": 616577, ""spread"": 1.1898}"
107,24,2024-03-27 14:58:28,8422.7962,8424.7987,275818,OTC,"{""bid"": 8422.7962, ""ask"": 8424.7987, ""volume"": 275818, ""spread"": 2.0025}"
108,37,2024-01-15 12:41:46,12798.6548,12802.9044,745540,OTC,"{""bid"": 12798.6548, ""ask"": 12802.9044, ""volume"": 745540, ""spread"": 4.2496}"
109,47,2024-10-15 07:54:57,23281.0119,23281.585,392403,EXCHANGE,"{""bid"": 23281.0119, ""ask"": 23281.585, ""volume"": 392403, ""spread"": 0.5731}"
110,34,2024-02-10 08:23:23,2304.4663,2307.3556,751522,EXCHANGE,"{""bid"": 2304.4663, ""ask"": 2307.3556, ""volume"": 751522, ""spread"": 2.8893}"
111,26,2024-07-10 01:57:48,10371.0892,10372.299,497097,EXCHANGE,"{""bid"": 10371.0892, ""ask"": 10372.299, ""volume"": 497097, ""spread"": 1.2098}"
112,6,2024-09-26 00:08:19,46203.3225,46203.8463,794746,EXCHANGE,"{""bid"": 46203.3225, ""ask"": 46203.8463, ""volume"": 794746, ""spread"": 0.5238}"
113,10,2024-06-13 14:22:45,23187.8496,23188.4351,961880,EXCHANGE,"{""bid"": 23187.8496, ""ask"": 23188.4351, ""volume"": 961880, ""spread"": 0.5855}"
114,52,2024-08-11 14:39:18,8408.5455,8410.1031,765917,OTC,"{""bid"": 8408.5455, ""ask"": 8410.1031, ""volume"": 765917, ""spread"": 1.5576}"
115,17,2024-10-22 15:46:03,15917.4663,15921.609,159550,EXCHANGE,"{""bid"": 15917.4663, ""ask"": 15921.609, ""volume"": 159550, ""spread"": 4.1427}"
116,59,2024-06-24 23:06:51,46224.8054,46225.7389,663591,EXCHANGE,"{""bid"": 46224.8054, ""ask"": 46225.7389, ""volume"": 663591, ""spread"": 0.9335}"
117,28,2024-02-03 07:30:48,21965.8234,21966.9613,616879,OTC,"{""bid"": 21965.8234, ""ask"": 21966.9613, ""volume"": 616879, ""spread"": 1.1379}"
118,54,2024-09-03 19:30:04,10603.1166,10606.4335,128815,EXCHANGE,"{""bid"": 10603.1166, ""ask"": 10606.4335, ""volume"": 128815, ""spread"": 3.3169}"
119,52,2025-02-01 10:32:32,7176.1575,7177.5932,67710,EXCHANGE,"{""bid"": 7176.1575, ""ask"": 7177.5932, ""volume"": 67710, ""spread"": 1.4357}"
120,7,2024-05-02 06:02:54,17921.3167,17922.2717,127579,EXCHANGE,"{""bid"": 17921.3167, ""ask"": 17922.2717, ""volume"": 127579, ""spread"": 0.955}"
121,22,2024-07-29 07:08:44,34749.306,34750.0802,823868,OTC,"{""bid"": 34749.306, ""ask"": 34750.0802, ""volume"": 823868, ""spread"": 0.7742}"
122,51,2024-01-28 00:18:27,6371.5173,6374.4732,90661,EXCHANGE,"{""bid"": 6371.5173, ""ask"": 6374.4732, ""volume"": 90661, ""spread"": 2.9559}"
123,2,2024-08-07 05:46:45,8542.5925,8543.496,535260,EXCHANGE,"{""bid"": 8542.5925, ""ask"": 8543.496, ""volume"": 535260, ""spread"": 0.9035}"
124,27,2024-01-21 03:49:30,8099.0838,8103.3851,876802,EXCHANGE,"{""bid"": 8099.0838, ""ask"": 8103.3851, ""volume"": 876802, ""spread"": 4.3013}"
125,38,2024-11-25 08:18:24,23748.898,23751.7894,550937,EXCHANGE,"{""bid"": 23748.898, ""ask"": 23751.7894, ""volume"": 550937, ""spread"": 2.8914}"
126,19,2024-04-28 04:52:31,29030.7814,29031.5763,192007,EXCHANGE,"{""bid"": 29030.7814, ""ask"": 29031.5763, ""volume"": 192007, ""spread"": 0.7949}"
127,18,2024-04-09 14:12:48,24602.6186,24604.5928,739642,EXCHANGE,"{""bid"": 24602.6186, ""ask"": 24604.5928, ""volume"": 739642, ""spread"": 1.9742}"
128,30,2025-01-17 06:00:21,43026.3395,43028.9472,746218,EXCHANGE,"{""bid"": 43026.3395, ""ask"": 43028.9472, ""volume"": 746218, ""spread"": 2.6077}"
129,9,2024-04-16 06:03:11,25222.5822,25227.3587,730003,EXCHANGE,"{""bid"": 25222.5822, ""ask"": 25227.3587, ""volume"": 730003, ""spread"": 4.7765}"
130,4,2024-08-11 13:57:16,17068.0602,17069.522,777502,EXCHANGE,"{""bid"": 17068.0602, ""ask"": 17069.522, ""volume"": 777502, ""spread"": 1.4618}"
131,30,2024-01-28 03:55:27,1551.4796,1552.0237,605700,OTC,"{""bid"": 1551.4796, ""ask"": 1552.0237, ""volume"": 605700, ""spread"": 0.5441}"
132,15,2024-05-15 07:27:07,43816.8681,43819.7364,84129,EXCHANGE,"{""bid"": 43816.8681, ""ask"": 43819.7364, ""volume"": 84129, ""spread"": 2.8683}"
133,26,2024-02-24 08:46:09,44747.8331,44752.4345,156402,EXCHANGE,"{""bid"": 44747.8331, ""ask"": 44752.4345, ""volume"": 156402, ""spread"": 4.6014}"
134,47,2024-06-19 23:17:13,17547.6066,17551.4036,298982,EXCHANGE,"{""bid"": 17547.6066, ""ask"": 17551.4036, ""volume"": 298982, ""spread"": 3.797}"
135,20,2024-05-11 20:32:47,28301.6946,28305.0349,280204,OTC,"{""bid"": 28301.6946, ""ask"": 28305.0349, ""volume"": 280204, ""spread"": 3.3403}"
136,31,2024-12-01 20:19:58,14808.3177,14809.5023,862029,EXCHANGE,"{""bid"": 14808.3177, ""ask"": 14809.5023, ""volume"": 862029, ""spread"": 1.1846}"
137,53,2024-04-16 14:50:45,48205.9241,48209.8252,451674,EXCHANGE,"{""bid"": 48205.9241, ""ask"": 48209.8252, ""volume"": 451674, ""spread"": 3.9011}"
138,8,2024-09-14 09:24:30,48169.6852,48170.0495,586791,EXCHANGE,"{""bid"": 48169.6852, ""ask"": 48170.0495, ""volume"": 586791, ""spread"": 0.3643}"
139,24,2024-12-23 13:32:41,13411.7247,13414.9772,965846,EXCHANGE,"{""bid"": 13411.7247, ""ask"": 13414.9772, ""volume"": 965846, ""spread"": 3.2525}"
140,38,2024-11-19 04:27:29,40741.7004,40742.2238,432980,EXCHANGE,"{""bid"": 40741.7004, ""ask"": 40742.2238, ""volume"": 432980, ""spread"": 0.5234}"
141,31,2024-03-28 02:44:28,27056.794,27057.5174,827090,EXCHANGE,"{""bid"": 27056.794, ""ask"": 27057.5174, ""volume"": 827090, ""spread"": 0.7234}"
142,46,2024-07-11 00:56:31,4614.5563,4615.871,589399,EXCHANGE,"{""bid"": 4614.5563, ""ask"": 4615.871, ""volume"": 589399, ""spread"": 1.3147}"
143,52,2024-10-26 15:22:22,27729.1665,27733.7073,449680,OTC,"{""bid"": 27729.1665, ""ask"": 27733.7073, ""volume"": 449680, ""spread"": 4.5408}"
144,37,2024-08-19 00:17:15,40206.325,40210.9327,52266,EXCHANGE,"{""bid"": 40206.325, ""ask"": 40210.9327, ""volume"": 52266, ""spread"": 4.6077}"
145,13,2025-01-29 05:38:30,46273.148,46275.7243,464561,EXCHANGE,"{""bid"": 46273.148, ""ask"": 46275.7243, ""volume"": 464561, ""spread"": 2.5763}"
146,38,2025-01-15 12:45:02,37698.0785,37702.5266,380815,OTC,"{""bid"": 37698.0785, ""ask"": 37702.5266, ""volume"": 380815, ""spread"": 4.4481}"
147,51,2024-09-05 01:57:43,13078.5704,13082.6664,967451,OTC,"{""bid"": 13078.5704, ""ask"": 13082.6664, ""volume"": 967451, ""spread"": 4.096}"
148,17,2024-12-04 02:08:35,12205.4854,12209.0874,981253,EXCHANGE,"{""bid"": 12205.4854, ""ask"": 12209.0874, ""volume"": 981253, ""spread"": 3.602}"
149,53,2024-01-09 21:46:58,22675.8886,22678.0299,331440,EXCHANGE,"{""bid"": 22675.8886, ""ask"": 22678.0299, ""volume"": 331440, ""spread"": 2.1413}"
150,44,2024-12-29 10:51:52,22399.8532,22403.4284,693207,EXCHANGE,"{""bid"": 22399.8532, ""ask"": 22403.4284, ""volume"": 693207, ""spread"": 3.5752}"
151,52,2024-04-19 07:34:11,42551.6162,42553.0432,968434,OTC,"{""bid"": 42551.6162, ""ask"": 42553.0432, ""volume"": 968434, ""spread"": 1.427}"
152,36,2024-09-10 18:31:25,9532.9213,9537.7116,980550,EXCHANGE,"{""bid"": 9532.9213, ""ask"": 9537.7116, ""volume"": 980550, ""spread"": 4.7903}"
153,40,2024-05-25 12:12:10,19309.5073,19312.3127,792373,EXCHANGE,"{""bid"": 19309.5073, ""ask"": 19312.3127, ""volume"": 792373, ""spread"": 2.8054}"
154,57,2024-04-26 20:55:04,46944.6226,46948.3134,609415,OTC,"{""bid"": 46944.6226, ""ask"": 46948.3134, ""volume"": 609415, ""spread"": 3.6908}"
155,57,2024-08-25 04:26:59,4995.2939,4996.0303,218114,EXCHANGE,"{""bid"": 4995.2939, ""ask"": 4996.0303, ""volume"": 218114, ""spread"": 0.7364}"
156,53,2024-01-30 07:29:47,26161.3923,26162.5191,116718,EXCHANGE,"{""bid"": 26161.3923, ""ask"": 26162.5191, ""volume"": 116718, ""spread"": 1.1268}"
157,30,2024-07-07 22:07:12,6743.886,6746.4699,53213,OTC,"{""bid"": 6743.886, ""ask"": 6746.4699, ""volume"": 53213, ""spread"": 2.5839}"
158,3,2024-08-27 11:06:25,36785.8024,36788.9823,933284,EXCHANGE,"{""bid"": 36785.8024, ""ask"": 36788.9823, ""volume"": 933284, ""spread"": 3.1799}"
159,59,2024-05-01 23:37:02,45346.5506,45348.246,915804,EXCHANGE,"{""bid"": 45346.5506, ""ask"": 45348.246, ""volume"": 915804, ""spread"": 1.6954}"
160,7,2024-08-18 16:27:01,47712.5054,47712.9503,918545,EXCHANGE,"{""bid"": 47712.5054, ""ask"": 47712.9503, ""volume"": 918545, ""spread"": 0.4449}"
161,53,2024-12-03 12:27:40,21438.8884,21441.7937,269714,EXCHANGE,"{""bid"": 21438.8884, ""ask"": 21441.7937, ""volume"": 269714, ""spread"": 2.9053}"
162,21,2024-07-06 02:11:38,49959.7847,49961.5377,290134,EXCHANGE,"{""bid"": 49959.7847, ""ask"": 49961.5377, ""volume"": 290134, ""spread"": 1.753}"
163,33,2024-05-18 05:03:15,5066.9705,5067.7203,253942,EXCHANGE,"{""bid"": 5066.9705, ""ask"": 5067.7203, ""volume"": 253942, ""spread"": 0.7498}"
164,43,2024-10-06 11:07:22,39254.7423,39257.5089,880442,EXCHANGE,"{""bid"": 39254.7423, ""ask"": 39257.5089, ""volume"": 880442, ""spread"": 2.7666}"
165,45,2024-04-18 20:56:34,32464.3075,32466.2627,428763,OTC,"{""bid"": 32464.3075, ""ask"": 32466.2627, ""volume"": 428763, ""spread"": 1.9552}"
166,17,2024-12-18 00:16:47,8101.7044,8105.0326,905399,OTC,"{""bid"": 8101.7044, ""ask"": 8105.0326, ""volume"": 905399, ""spread"": 3.3282}"
167,25,2024-08-18 14:13:49,45028.6693,45029.6402,640906,EXCHANGE,"{""bid"": 45028.6693, ""ask"": 45029.6402, ""volume"": 640906, ""spread"": 0.9709}"
168,30,2025-01-06 06:44:00,41596.2235,41599.0559,651169,EXCHANGE,"{""bid"": 41596.2235, ""ask"": 41599.0559, ""volume"": 651169, ""spread"": 2.8324}"
169,43,2025-01-07 21:43:48,15733.9598,15736.2784,906404,EXCHANGE,"{""bid"": 15733.9598, ""ask"": 15736.2784, ""volume"": 906404, ""spread"": 2.3186}"
170,13,2024-05-04 10:26:22,33644.5817,33648.6483,424605,EXCHANGE,"{""bid"": 33644.5817, ""ask"": 33648.6483, ""volume"": 424605, ""spread"": 4.0666}"
171,59,2024-03-31 22:20:49,21152.4679,21154.8314,614166,EXCHANGE,"{""bid"": 21152.4679, ""ask"": 21154.8314, ""volume"": 614166, ""spread"": 2.3635}"
172,52,2024-08-05 23:05:42,30546.3485,30549.0966,720468,EXCHANGE,"{""bid"": 30546.3485, ""ask"": 30549.0966, ""volume"": 720468, ""spread"": 2.7481}"
173,22,2024-01-17 07:26:02,12943.1428,12943.7761,591221,EXCHANGE,"{""bid"": 12943.1428, ""ask"": 12943.7761, ""volume"": 591221, ""spread"": 0.6333}"
174,28,2024-09-19 17:56:54,16109.4405,16112.769,37724,EXCHANGE,"{""bid"": 16109.4405, ""ask"": 16112.769, ""volume"": 37724, ""spread"": 3.3285}"
175,39,2024-06-17 03:57:59,39059.3605,39063.8839,934207,EXCHANGE,"{""bid"": 39059.3605, ""ask"": 39063.8839, ""volume"": 934207, ""spread"": 4.5234}"
176,4,2024-07-11 04:02:21,7873.7657,7874.2838,670728,EXCHANGE,"{""bid"": 7873.7657, ""ask"": 7874.2838, ""volume"": 670728, ""spread"": 0.5181}"
177,18,2024-04-28 11:11:45,48145.9191,48147.0245,761323,EXCHANGE,"{""bid"": 48145.9191, ""ask"": 48147.0245, ""volume"": 761323, ""spread"": 1.1054}"
178,58,2024-05-27 10:43:05,43898.0812,43902.121,16678,EXCHANGE,"{""bid"": 43898.0812, ""ask"": 43902.121, ""volume"": 16678, ""spread"": 4.0398}"
179,14,2024-01-19 10:08:04,41057.739,41060.9266,291655,EXCHANGE,"{""bid"": 41057.739, ""ask"": 41060.9266, ""volume"": 291655, ""spread"": 3.1876}"
180,15,2024-08-06 12:05:45,2735.0602,2738.3833,445381,EXCHANGE,"{""bid"": 2735.0602, ""ask"": 2738.3833, ""volume"": 445381, ""spread"": 3.3231}"
181,27,2024-01-14 09:55:16,18055.6268,18059.9537,308788,EXCHANGE,"{""bid"": 18055.6268, ""ask"": 18059.9537, ""volume"": 308788, ""spread"": 4.3269}"
182,54,2024-10-21 12:43:16,28729.8363,28731.0012,409975,EXCHANGE,"{""bid"": 28729.8363, ""ask"": 28731.0012, ""volume"": 409975, ""spread"": 1.1649}"
183,49,2024-09-30 09:36:39,39907.5988,39909.6829,881472,EXCHANGE,"{""bid"": 39907.5988, ""ask"": 39909.6829, ""volume"": 881472, ""spread"": 2.0841}"
184,14,2024-10-06 19:05:48,13779.4853,13781.9351,429867,OTC,"{""bid"": 13779.4853, ""ask"": 13781.9351, ""volume"": 429867, ""spread"": 2.4498}"
185,6,2024-11-04 21:54:51,36142.3583,36146.4425,858653,EXCHANGE,"{""bid"": 36142.3583, ""ask"": 36146.4425, ""volume"": 858653, ""spread"": 4.0842}"
186,20,2024-11-04 15:54:17,28657.651,28658.1265,674052,EXCHANGE,"{""bid"": 28657.651, ""ask"": 28658.1265, ""volume"": 674052, ""spread"": 0.4755}"
187,55,2024-08-14 20:08:20,1218.4238,1221.3678,536597,EXCHANGE,"{""bid"": 1218.4238, ""ask"": 1221.3678, ""volume"": 536597, ""spread"": 2.944}"
188,4,2024-07-29 18:05:36,16313.7409,16316.7906,617826,EXCHANGE,"{""bid"": 16313.7409, ""ask"": 16316.7906, ""volume"": 617826, ""spread"": 3.0497}"
189,11,2024-11-10 20:22:21,10326.9334,10327.5995,879601,OTC,"{""bid"": 10326.9334, ""ask"": 10327.5995, ""volume"": 879601, ""spread"": 0.6661}"
190,7,2024-12-29 00:07:39,38931.014,38933.0274,567987,OTC,"{""bid"": 38931.014, ""ask"": 38933.0274, ""volume"": 567987, ""spread"": 2.0134}"
191,32,2024-11-13 17:32:33,46600.0283,46602.6169,42555,EXCHANGE,"{""bid"": 46600.0283, ""ask"": 46602.6169, ""volume"": 42555, ""spread"": 2.5886}"
192,50,2024-06-30 20:51:25,33336.8318,33340.7737,302602,EXCHANGE,"{""bid"": 33336.8318, ""ask"": 33340.7737, ""volume"": 302602, ""spread"": 3.9419}"
193,11,2025-01-07 17:31:47,1156.2439,1160.8121,758080,EXCHANGE,"{""bid"": 1156.2439, ""ask"": 1160.8121, ""volume"": 758080, ""spread"": 4.5682}"
194,22,2024-03-06 03:08:29,40814.5818,40816.8845,286722,EXCHANGE,"{""bid"": 40814.5818, ""ask"": 40816.8845, ""volume"": 286722, ""spread"": 2.3027}"
195,45,2024-08-25 22:52:15,32862.2848,32866.6404,557151,EXCHANGE,"{""bid"": 32862.2848, ""ask"": 32866.6404, ""volume"": 557151, ""spread"": 4.3556}"
196,44,2024-03-08 19:33:50,23400.1971,23401.2623,198789,EXCHANGE,"{""bid"": 23400.1971, ""ask"": 23401.2623, ""volume"": 198789, ""spread"": 1.0652}"
197,2,2024-07-29 03:36:46,29047.2542,29047.6893,384057,OTC,"{""bid"": 29047.2542, ""ask"": 29047.6893, ""volume"": 384057, ""spread"": 0.4351}"
198,25,2025-01-06 06:52:02,30472.0563,30475.0967,103252,EXCHANGE,"{""bid"": 30472.0563, ""ask"": 30475.0967, ""volume"": 103252, ""spread"": 3.0404}"
199,51,2024-04-20 10:03:40,11474.3511,11477.7645,785258,EXCHANGE,"{""bid"": 11474.3511, ""ask"": 11477.7645, ""volume"": 785258, ""spread"": 3.4134}"
200,20,2024-06-14 05:32:37,33726.6372,33729.3375,774402,EXCHANGE,"{""bid"": 33726.6372, ""ask"": 33729.3375, ""volume"": 774402, ""spread"": 2.7003}"
201,30,2024-12-24 22:40:12,36960.2283,36960.9737,169380,EXCHANGE,"{""bid"": 36960.2283, ""ask"": 36960.9737, ""volume"": 169380, ""spread"": 0.7454}"
202,60,2024-04-27 01:49:15,49491.8883,49494.1378,116628,OTC,"{""bid"": 49491.8883, ""ask"": 49494.1378, ""volume"": 116628, ""spread"": 2.2495}"
203,46,2024-12-31 20:26:02,4845.9287,4849.4493,834619,EXCHANGE,"{""bid"": 4845.9287, ""ask"": 4849.4493, ""volume"": 834619, ""spread"": 3.5206}"
204,5,2024-12-14 03:23:05,46518.3658,46519.8807,113161,EXCHANGE,"{""bid"": 46518.3658, ""ask"": 46519.8807, ""volume"": 113161, ""spread"": 1.5149}"
205,35,2024-06-13 05:14:00,44649.0427,44653.4074,408557,EXCHANGE,"{""bid"": 44649.0427, ""ask"": 44653.4074, ""volume"": 408557, ""spread"": 4.3647}"
206,17,2024-06-07 14:59:50,28769.014,28772.2254,542017,EXCHANGE,"{""bid"": 28769.014, ""ask"": 28772.2254, ""volume"": 542017, ""spread"": 3.2114}"
207,3,2024-04-01 21:41:50,24136.188,24140.6042,130946,EXCHANGE,"{""bid"": 24136.188, ""ask"": 24140.6042, ""volume"": 130946, ""spread"": 4.4162}"
208,47,2024-04-26 19:30:26,12758.7065,12762.3164,777290,EXCHANGE,"{""bid"": 12758.7065, ""ask"": 12762.3164, ""volume"": 777290, ""spread"": 3.6099}"
209,40,2024-04-20 11:12:23,23516.1585,23517.9647,795319,EXCHANGE,"{""bid"": 23516.1585, ""ask"": 23517.9647, ""volume"": 795319, ""spread"": 1.8062}"
210,25,2024-09-17 07:06:12,20237.462,20242.2146,262848,OTC,"{""bid"": 20237.462, ""ask"": 20242.2146, ""volume"": 262848, ""spread"": 4.7526}"
211,26,2024-08-14 03:04:06,13152.6218,13156.0609,547928,EXCHANGE,"{""bid"": 13152.6218, ""ask"": 13156.0609, ""volume"": 547928, ""spread"": 3.4391}"
212,17,2024-10-26 04:25:21,218.6003,219.3937,254081,EXCHANGE,"{""bid"": 218.6003, ""ask"": 219.3937, ""volume"": 254081, ""spread"": 0.7934}"
213,12,2024-05-12 03:06:02,41349.1601,41353.321,470665,OTC,"{""bid"": 41349.1601, ""ask"": 41353.321, ""volume"": 470665, ""spread"": 4.1609}"
214,55,2024-11-07 00:38:26,33905.7441,33907.8063,214063,OTC,"{""bid"": 33905.7441, ""ask"": 33907.8063, ""volume"": 214063, ""spread"": 2.0622}"
215,54,2024-06-19 05:19:33,21684.6982,21685.9024,494851,EXCHANGE,"{""bid"": 21684.6982, ""ask"": 21685.9024, ""volume"": 494851, ""spread"": 1.2042}"
216,1,2024-04-13 01:25:36,20571.1007,20574.7317,879678,OTC,"{""bid"": 20571.1007, ""ask"": 20574.7317, ""volume"": 879678, ""spread"": 3.631}"
217,36,2024-03-18 13:04:57,12125.5435,12125.8605,779491,EXCHANGE,"{""bid"": 12125.5435, ""ask"": 12125.8605, ""volume"": 779491, ""spread"": 0.317}"
218,28,2024-09-27 17:46:42,48782.5959,48783.2046,779680,EXCHANGE,"{""bid"": 48782.5959, ""ask"": 48783.2046, ""volume"": 779680, ""spread"": 0.6087}"
219,18,2024-08-22 09:56:19,8469.9913,8473.9134,151349,EXCHANGE,"{""bid"": 8469.9913, ""ask"": 8473.9134, ""volume"": 151349, ""spread"": 3.9221}"
220,38,2024-10-22 22:34:35,39538.6731,39540.7457,848307,EXCHANGE,"{""bid"": 39538.6731, ""ask"": 39540.7457, ""volume"": 848307, ""spread"": 2.0726}"
221,31,2024-04-16 02:53:30,230.972,233.972,900548,EXCHANGE,"{""bid"": 230.972, ""ask"": 233.972, ""volume"": 900548, ""spread"": 3.0}"
222,47,2024-06-13 02:23:33,27932.7709,27936.814,642870,EXCHANGE,"{""bid"": 27932.7709, ""ask"": 27936.814, ""volume"": 642870, ""spread"": 4.0431}"
223,9,2024-12-11 03:37:46,31058.9323,31060.874,997183,OTC,"{""bid"": 31058.9323, ""ask"": 31060.874, ""volume"": 997183, ""spread"": 1.9417}"
224,16,2024-12-31 17:15:12,35614.4287,35616.7496,975680,OTC,"{""bid"": 35614.4287, ""ask"": 35616.7496, ""volume"": 975680, ""spread"": 2.3209}"
225,56,2024-05-13 03:37:23,24612.3594,24613.759,833967,EXCHANGE,"{""bid"": 24612.3594, ""ask"": 24613.759, ""volume"": 833967, ""spread"": 1.3996}"
226,50,2024-10-10 02:55:16,33785.4276,33789.9079,819376,OTC,"{""bid"": 33785.4276, ""ask"": 33789.9079, ""volume"": 819376, ""spread"": 4.4803}"
227,1,2024-01-19 16:01:14,14644.8703,14646.9277,235086,OTC,"{""bid"": 14644.8703, ""ask"": 14646.9277, ""volume"": 235086, ""spread"": 2.0574}"
228,21,2024-07-17 22:28:08,29035.7422,29040.7158,628628,EXCHANGE,"{""bid"": 29035.7422, ""ask"": 29040.7158, ""volume"": 628628, ""spread"": 4.9736}"
229,47,2024-06-13 01:42:43,36356.8527,36357.2458,525063,EXCHANGE,"{""bid"": 36356.8527, ""ask"": 36357.2458, ""volume"": 525063, ""spread"": 0.3931}"
230,27,2024-02-23 05:03:57,26050.1555,26053.7415,111843,EXCHANGE,"{""bid"": 26050.1555, ""ask"": 26053.7415, ""volume"": 111843, ""spread"": 3.586}"
231,55,2024-05-09 15:44:11,1325.037,1326.93,675820,EXCHANGE,"{""bid"": 1325.037, ""ask"": 1326.93, ""volume"": 675820, ""spread"": 1.893}"
232,45,2024-03-11 20:09:12,47575.6797,47580.2625,539284,EXCHANGE,"{""bid"": 47575.6797, ""ask"": 47580.2625, ""volume"": 539284, ""spread"": 4.5828}"
233,40,2024-05-12 04:19:59,1164.8784,1168.4111,763353,EXCHANGE,"{""bid"": 1164.8784, ""ask"": 1168.4111, ""volume"": 763353, ""spread"": 3.5327}"
234,60,2024-02-05 20:40:24,27452.8093,27453.7365,808934,EXCHANGE,"{""bid"": 27452.8093, ""ask"": 27453.7365, ""volume"": 808934, ""spread"": 0.9272}"
235,50,2024-12-19 04:30:33,26092.5297,26097.2197,173333,OTC,"{""bid"": 26092.5297, ""ask"": 26097.2197, ""volume"": 173333, ""spread"": 4.69}"
236,59,2024-07-19 07:49:31,20054.902,20056.6924,967602,EXCHANGE,"{""bid"": 20054.902, ""ask"": 20056.6924, ""volume"": 967602, ""spread"": 1.7904}"
237,43,2024-10-29 13:28:09,7002.003,7003.6974,148160,OTC,"{""bid"": 7002.003, ""ask"": 7003.6974, ""volume"": 148160, ""spread"": 1.6944}"
238,4,2024-01-16 03:33:45,18478.2695,18480.8272,143098,EXCHANGE,"{""bid"": 18478.2695, ""ask"": 18480.8272, ""volume"": 143098, ""spread"": 2.5577}"
239,29,2024-04-25 06:30:00,37843.1917,37846.1727,733306,OTC,"{""bid"": 37843.1917, ""ask"": 37846.1727, ""volume"": 733306, ""spread"": 2.981}"
240,57,2024-03-27 21:31:38,41038.6992,41042.6579,967871,EXCHANGE,"{""bid"": 41038.6992, ""ask"": 41042.6579, ""volume"": 967871, ""spread"": 3.9587}"
241,25,2024-05-20 10:47:20,25253.6598,25257.3002,54659,OTC,"{""bid"": 25253.6598, ""ask"": 25257.3002, ""volume"": 54659, ""spread"": 3.6404}"
242,2,2024-03-13 13:15:14,13603.122,13606.6433,771028,EXCHANGE,"{""bid"": 13603.122, ""ask"": 13606.6433, ""volume"": 771028, ""spread"": 3.5213}"
243,23,2024-04-02 01:40:23,49430.6866,49431.1406,485689,EXCHANGE,"{""bid"": 49430.6866, ""ask"": 49431.1406, ""volume"": 485689, ""spread"": 0.454}"
244,26,2024-12-11 06:08:37,47789.9122,47793.4986,744406,EXCHANGE,"{""bid"": 47789.9122, ""ask"": 47793.4986, ""volume"": 744406, ""spread"": 3.5864}"
245,60,2024-03-05 10:39:23,1322.8797,1326.8095,927031,EXCHANGE,"{""bid"": 1322.8797, ""ask"": 1326.8095, ""volume"": 927031, ""spread"": 3.9298}"
246,45,2024-12-22 07:04:41,2373.3877,2375.5499,699487,EXCHANGE,"{""bid"": 2373.3877, ""ask"": 2375.5499, ""volume"": 699487, ""spread"": 2.1622}"
247,30,2024-02-26 21:41:38,46369.1369,46370.3862,453557,EXCHANGE,"{""bid"": 46369.1369, ""ask"": 46370.3862, ""volume"": 453557, ""spread"": 1.2493}"
248,16,2024-10-23 07:33:46,39032.442,39033.1497,305247,EXCHANGE,"{""bid"": 39032.442, ""ask"": 39033.1497, ""volume"": 305247, ""spread"": 0.7077}"
249,25,2024-11-20 12:05:51,13198.9948,13201.6225,525701,EXCHANGE,"{""bid"": 13198.9948, ""ask"": 13201.6225, ""volume"": 525701, ""spread"": 2.6277}"
250,36,2024-06-11 16:34:23,41463.4501,41466.4965,830726,EXCHANGE,"{""bid"": 41463.4501, ""ask"": 41466.4965, ""volume"": 830726, ""spread"": 3.0464}"
251,4,2024-07-29 11:47:02,13525.4277,13527.5159,995618,EXCHANGE,"{""bid"": 13525.4277, ""ask"": 13527.5159, ""volume"": 995618, ""spread"": 2.0882}"
252,51,2024-11-28 17:12:23,22205.1681,22206.3558,613048,OTC,"{""bid"": 22205.1681, ""ask"": 22206.3558, ""volume"": 613048, ""spread"": 1.1877}"
253,36,2024-01-19 07:09:11,1544.879,1546.2295,867499,OTC,"{""bid"": 1544.879, ""ask"": 1546.2295, ""volume"": 867499, ""spread"": 1.3505}"
254,6,2024-03-28 01:00:26,46550.3698,46551.123,52604,EXCHANGE,"{""bid"": 46550.3698, ""ask"": 46551.123, ""volume"": 52604, ""spread"": 0.7532}"
255,42,2024-08-31 14:30:27,40365.1652,40368.5701,265996,EXCHANGE,"{""bid"": 40365.1652, ""ask"": 40368.5701, ""volume"": 265996, ""spread"": 3.4049}"
256,20,2024-03-31 20:16:47,1569.3691,1572.7721,115013,EXCHANGE,"{""bid"": 1569.3691, ""ask"": 1572.7721, ""volume"": 115013, ""spread"": 3.403}"
257,59,2024-10-21 18:45:49,15460.7053,15461.1239,371091,EXCHANGE,"{""bid"": 15460.7053, ""ask"": 15461.1239, ""volume"": 371091, ""spread"": 0.4186}"
258,7,2024-12-09 02:11:44,43115.3921,43116.4414,339400,EXCHANGE,"{""bid"": 43115.3921, ""ask"": 43116.4414, ""volume"": 339400, ""spread"": 1.0493}"
259,43,2024-09-22 19:23:32,32373.305,32377.5244,508641,EXCHANGE,"{""bid"": 32373.305, ""ask"": 32377.5244, ""volume"": 508641, ""spread"": 4.2194}"
260,20,2024-05-17 20:24:23,24763.8154,24766.2748,400575,EXCHANGE,"{""bid"": 24763.8154, ""ask"": 24766.2748, ""volume"": 400575, ""spread"": 2.4594}"
261,9,2024-08-29 08:25:09,5617.776,5622.5704,249351,EXCHANGE,"{""bid"": 5617.776, ""ask"": 5622.5704, ""volume"": 249351, ""spread"": 4.7944}"
262,34,2024-06-06 02:34:17,26235.8991,26238.1073,901971,EXCHANGE,"{""bid"": 26235.8991, ""ask"": 26238.1073, ""volume"": 901971, ""spread"": 2.2082}"
263,16,2025-01-09 13:51:38,35394.4352,35395.2571,547174,EXCHANGE,"{""bid"": 35394.4352, ""ask"": 35395.2571, ""volume"": 547174, ""spread"": 0.8219}"
264,1,2024-04-05 16:10:15,34910.5304,34912.004,660455,EXCHANGE,"{""bid"": 34910.5304, ""ask"": 34912.004, ""volume"": 660455, ""spread"": 1.4736}"
265,41,2024-11-24 10:36:53,17692.1331,17692.8784,295109,EXCHANGE,"{""bid"": 17692.1331, ""ask"": 17692.8784, ""volume"": 295109, ""spread"": 0.7453}"
266,2,2024-01-30 14:14:49,26465.8188,26465.87,47721,EXCHANGE,"{""bid"": 26465.8188, ""ask"": 26465.87, ""volume"": 47721, ""spread"": 0.0512}"
267,55,2024-12-04 21:02:17,1450.2311,1451.7821,631846,EXCHANGE,"{""bid"": 1450.2311, ""ask"": 1451.7821, ""volume"": 631846, ""spread"": 1.551}"
268,56,2024-11-23 20:26:34,40818.33,40822.9033,340517,OTC,"{""bid"": 40818.33, ""ask"": 40822.9033, ""volume"": 340517, ""spread"": 4.5733}"
269,4,2024-07-30 05:28:10,48777.4472,48777.5101,998123,EXCHANGE,"{""bid"": 48777.4472, ""ask"": 48777.5101, ""volume"": 998123, ""spread"": 0.0629}"
270,28,2024-04-25 19:37:00,39795.6215,39797.4026,444272,EXCHANGE,"{""bid"": 39795.6215, ""ask"": 39797.4026, ""volume"": 444272, ""spread"": 1.7811}"
271,46,2024-12-27 11:18:00,40856.6999,40857.8001,153204,EXCHANGE,"{""bid"": 40856.6999, ""ask"": 40857.8001, ""volume"": 153204, ""spread"": 1.1002}"
272,30,2024-03-19 15:36:03,38591.3426,38592.0705,177808,EXCHANGE,"{""bid"": 38591.3426, ""ask"": 38592.0705, ""volume"": 177808, ""spread"": 0.7279}"
273,56,2024-08-03 02:00:51,32034.3997,32037.4592,111634,EXCHANGE,"{""bid"": 32034.3997, ""ask"": 32037.4592, ""volume"": 111634, ""spread"": 3.0595}"
274,53,2024-06-17 03:44:09,32594.2582,32596.4927,808365,EXCHANGE,"{""bid"": 32594.2582, ""ask"": 32596.4927, ""volume"": 808365, ""spread"": 2.2345}"
275,28,2024-04-18 12:38:04,23872.2569,23877.2334,819462,OTC,"{""bid"": 23872.2569, ""ask"": 23877.2334, ""volume"": 819462, ""spread"": 4.9765}"
276,52,2024-08-27 15:15:55,34843.2166,34846.5555,505218,OTC,"{""bid"": 34843.2166, ""ask"": 34846.5555, ""volume"": 505218, ""spread"": 3.3389}"
277,23,2024-03-15 13:00:48,17762.7579,17767.668,24549,OTC,"{""bid"": 17762.7579, ""ask"": 17767.668, ""volume"": 24549, ""spread"": 4.9101}"
278,12,2024-12-16 00:54:32,14211.7248,14216.1042,718835,EXCHANGE,"{""bid"": 14211.7248, ""ask"": 14216.1042, ""volume"": 718835, ""spread"": 4.3794}"
279,2,2024-12-29 06:58:20,2876.0244,2879.9729,821155,EXCHANGE,"{""bid"": 2876.0244, ""ask"": 2879.9729, ""volume"": 821155, ""spread"": 3.9485}"
280,42,2024-12-05 20:11:23,6866.3567,6870.1219,688511,OTC,"{""bid"": 6866.3567, ""ask"": 6870.1219, ""volume"": 688511, ""spread"": 3.7652}"
281,31,2024-01-09 14:33:26,3261.3642,3264.0577,710681,EXCHANGE,"{""bid"": 3261.3642, ""ask"": 3264.0577, ""volume"": 710681, ""spread"": 2.6935}"
282,33,2024-01-12 14:35:41,43294.9212,43297.2607,872559,EXCHANGE,"{""bid"": 43294.9212, ""ask"": 43297.2607, ""volume"": 872559, ""spread"": 2.3395}"
283,8,2024-10-02 13:19:04,48841.7396,48846.0315,549920,OTC,"{""bid"": 48841.7396, ""ask"": 48846.0315, ""volume"": 549920, ""spread"": 4.2919}"
284,6,2024-09-03 14:18:02,22218.58,22219.3688,977832,EXCHANGE,"{""bid"": 22218.58, ""ask"": 22219.3688, ""volume"": 977832, ""spread"": 0.7888}"
285,43,2024-01-08 07:54:10,45236.711,45237.6365,628948,EXCHANGE,"{""bid"": 45236.711, ""ask"": 45237.6365, ""volume"": 628948, ""spread"": 0.9255}"
286,14,2024-07-07 20:05:14,19656.8505,19657.125,243757,EXCHANGE,"{""bid"": 19656.8505, ""ask"": 19657.125, ""volume"": 243757, ""spread"": 0.2745}"
287,54,2024-01-09 02:17:51,1778.4257,1783.3703,598851,EXCHANGE,"{""bid"": 1778.4257, ""ask"": 1783.3703, ""volume"": 598851, ""spread"": 4.9446}"
288,7,2025-01-22 04:43:18,6603.7955,6603.8703,375194,EXCHANGE,"{""bid"": 6603.7955, ""ask"": 6603.8703, ""volume"": 375194, ""spread"": 0.0748}"
289,31,2024-12-27 12:41:47,278.5024,283.1632,863829,EXCHANGE,"{""bid"": 278.5024, ""ask"": 283.1632, ""volume"": 863829, ""spread"": 4.6608}"
290,47,2025-02-03 02:15:45,1712.0477,1715.6729,504628,EXCHANGE,"{""bid"": 1712.0477, ""ask"": 1715.6729, ""volume"": 504628, ""spread"": 3.6252}"
291,17,2024-08-27 17:22:26,25219.6516,25220.3322,460792,OTC,"{""bid"": 25219.6516, ""ask"": 25220.3322, ""volume"": 460792, ""spread"": 0.6806}"
292,12,2024-01-11 21:12:02,31741.7717,31744.3236,36230,OTC,"{""bid"": 31741.7717, ""ask"": 31744.3236, ""volume"": 36230, ""spread"": 2.5519}"
293,39,2024-10-09 03:33:03,26985.66,26986.8431,113472,EXCHANGE,"{""bid"": 26985.66, ""ask"": 26986.8431, ""volume"": 113472, ""spread"": 1.1831}"
294,59,2024-06-29 16:17:03,34706.2926,34710.5615,835303,EXCHANGE,"{""bid"": 34706.2926, ""ask"": 34710.5615, ""volume"": 835303, ""spread"": 4.2689}"
295,34,2024-11-07 20:59:01,44931.87,44932.6666,797409,OTC,"{""bid"": 44931.87, ""ask"": 44932.6666, ""volume"": 797409, ""spread"": 0.7966}"
296,41,2025-01-14 01:14:10,48446.0374,48446.3453,343638,EXCHANGE,"{""bid"": 48446.0374, ""ask"": 48446.3453, ""volume"": 343638, ""spread"": 0.3079}"
297,11,2024-09-24 11:39:49,34365.8003,34366.4956,280184,OTC,"{""bid"": 34365.8003, ""ask"": 34366.4956, ""volume"": 280184, ""spread"": 0.6953}"
298,32,2024-04-11 01:24:52,12803.7631,12804.0715,522685,OTC,"{""bid"": 12803.7631, ""ask"": 12804.0715, ""volume"": 522685, ""spread"": 0.3084}"
299,14,2024-09-28 04:19:00,19364.5394,19369.3437,483989,EXCHANGE,"{""bid"": 19364.5394, ""ask"": 19369.3437, ""volume"": 483989, ""spread"": 4.8043}"
300,48,2024-09-17 09:17:40,27742.3838,27746.5575,179955,EXCHANGE,"{""bid"": 27742.3838, ""ask"": 27746.5575, ""volume"": 179955, ""spread"": 4.1737}"
301,54,2024-09-24 05:25:00,33194.1827,33198.7984,182954,OTC,"{""bid"": 33194.1827, ""ask"": 33198.7984, ""volume"": 182954, ""spread"": 4.6157}"
302,52,2024-06-21 05:23:27,6911.3527,6915.7722,43168,EXCHANGE,"{""bid"": 6911.3527, ""ask"": 6915.7722, ""volume"": 43168, ""spread"": 4.4195}"
303,6,2024-06-09 19:53:58,2035.5329,2035.6586,766905,EXCHANGE,"{""bid"": 2035.5329, ""ask"": 2035.6586, ""volume"": 766905, ""spread"": 0.1257}"
304,41,2024-01-18 02:10:33,11459.8546,11462.2172,314838,EXCHANGE,"{""bid"": 11459.8546, ""ask"": 11462.2172, ""volume"": 314838, ""spread"": 2.3626}"
305,22,2024-06-30 06:02:54,20313.5468,20313.9864,582012,EXCHANGE,"{""bid"": 20313.5468, ""ask"": 20313.9864, ""volume"": 582012, ""spread"": 0.4396}"
306,48,2024-06-23 01:28:21,1907.4237,1912.1192,555822,EXCHANGE,"{""bid"": 1907.4237, ""ask"": 1912.1192, ""volume"": 555822, ""spread"": 4.6955}"
307,27,2024-10-05 11:13:50,23508.4505,23513.2146,468470,EXCHANGE,"{""bid"": 23508.4505, ""ask"": 23513.2146, ""volume"": 468470, ""spread"": 4.7641}"
308,12,2024-04-17 06:35:58,27153.4935,27155.3384,740416,EXCHANGE,"{""bid"": 27153.4935, ""ask"": 27155.3384, ""volume"": 740416, ""spread"": 1.8449}"
309,36,2024-02-19 07:21:27,782.5038,785.8252,244778,EXCHANGE,"{""bid"": 782.5038, ""ask"": 785.8252, ""volume"": 244778, ""spread"": 3.3214}"
310,43,2025-01-09 21:49:03,36910.9524,36912.8248,619348,EXCHANGE,"{""bid"": 36910.9524, ""ask"": 36912.8248, ""volume"": 619348, ""spread"": 1.8724}"
311,29,2024-10-04 02:55:31,527.7156,532.5003,694799,EXCHANGE,"{""bid"": 527.7156, ""ask"": 532.5003, ""volume"": 694799, ""spread"": 4.7847}"
312,45,2024-07-16 07:19:12,44188.4325,44188.5894,25361,EXCHANGE,"{""bid"": 44188.4325, ""ask"": 44188.5894, ""volume"": 25361, ""spread"": 0.1569}"
313,15,2024-06-21 03:14:09,29725.0319,29729.5576,970088,EXCHANGE,"{""bid"": 29725.0319, ""ask"": 29729.5576, ""volume"": 970088, ""spread"": 4.5257}"
314,37,2024-07-11 20:28:35,43473.141,43473.4061,406342,EXCHANGE,"{""bid"": 43473.141, ""ask"": 43473.4061, ""volume"": 406342, ""spread"": 0.2651}"
315,2,2024-04-14 19:53:40,32574.4107,32578.916,82943,OTC,"{""bid"": 32574.4107, ""ask"": 32578.916, ""volume"": 82943, ""spread"": 4.5053}"
316,13,2024-10-31 17:34:27,39911.6431,39915.1797,571344,EXCHANGE,"{""bid"": 39911.6431, ""ask"": 39915.1797, ""volume"": 571344, ""spread"": 3.5366}"
317,58,2024-03-07 02:24:29,39783.4669,39787.6944,763647,EXCHANGE,"{""bid"": 39783.4669, ""ask"": 39787.6944, ""volume"": 763647, ""spread"": 4.2275}"
318,50,2024-03-23 08:02:54,1752.4149,1755.9408,646154,EXCHANGE,"{""bid"": 1752.4149, ""ask"": 1755.9408, ""volume"": 646154, ""spread"": 3.5259}"
319,16,2025-01-22 23:13:05,21498.1865,21500.1384,770398,OTC,"{""bid"": 21498.1865, ""ask"": 21500.1384, ""volume"": 770398, ""spread"": 1.9519}"
320,24,2024-11-14 23:49:38,22910.1987,22913.7482,416605,OTC,"{""bid"": 22910.1987, ""ask"": 22913.7482, ""volume"": 416605, ""spread"": 3.5495}"
321,59,2024-08-06 04:38:41,5439.4915,5443.7744,163190,EXCHANGE,"{""bid"": 5439.4915, ""ask"": 5443.7744, ""volume"": 163190, ""spread"": 4.2829}"
322,39,2024-02-27 15:24:27,42344.3597,42344.7781,695640,EXCHANGE,"{""bid"": 42344.3597, ""ask"": 42344.7781, ""volume"": 695640, ""spread"": 0.4184}"
323,14,2024-11-13 15:31:25,30116.0644,30118.8526,5371,EXCHANGE,"{""bid"": 30116.0644, ""ask"": 30118.8526, ""volume"": 5371, ""spread"": 2.7882}"
324,55,2024-01-18 07:00:52,18524.9554,18529.3576,75865,EXCHANGE,"{""bid"": 18524.9554, ""ask"": 18529.3576, ""volume"": 75865, ""spread"": 4.4022}"
325,49,2024-05-12 04:27:50,8793.8089,8796.4773,544754,OTC,"{""bid"": 8793.8089, ""ask"": 8796.4773, ""volume"": 544754, ""spread"": 2.6684}"
326,54,2024-04-14 02:58:02,37443.5168,37447.9871,114561,EXCHANGE,"{""bid"": 37443.5168, ""ask"": 37447.9871, ""volume"": 114561, ""spread"": 4.4703}"
327,17,2024-11-20 09:15:29,13828.1478,13832.4333,924446,OTC,"{""bid"": 13828.1478, ""ask"": 13832.4333, ""volume"": 924446, ""spread"": 4.2855}"
328,50,2024-03-14 12:31:17,31871.5621,31876.1543,23248,EXCHANGE,"{""bid"": 31871.5621, ""ask"": 31876.1543, ""volume"": 23248, ""spread"": 4.5922}"
329,44,2024-10-18 00:36:46,48681.9692,48684.2484,295988,OTC,"{""bid"": 48681.9692, ""ask"": 48684.2484, ""volume"": 295988, ""spread"": 2.2792}"
330,41,2024-11-12 13:55:17,33472.516,33476.2703,68035,EXCHANGE,"{""bid"": 33472.516, ""ask"": 33476.2703, ""volume"": 68035, ""spread"": 3.7543}"
331,9,2024-07-15 11:52:56,24300.9235,24303.1311,875392,OTC,"{""bid"": 24300.9235, ""ask"": 24303.1311, ""volume"": 875392, ""spread"": 2.2076}"
332,31,2024-07-16 15:14:34,24167.0615,24170.3272,40462,EXCHANGE,"{""bid"": 24167.0615, ""ask"": 24170.3272, ""volume"": 40462, ""spread"": 3.2657}"
333,15,2024-03-13 16:06:58,12655.0914,12656.7542,699762,EXCHANGE,"{""bid"": 12655.0914, ""ask"": 12656.7542, ""volume"": 699762, ""spread"": 1.6628}"
334,54,2024-07-26 06:00:55,29784.2987,29788.31,125241,OTC,"{""bid"": 29784.2987, ""ask"": 29788.31, ""volume"": 125241, ""spread"": 4.0113}"
335,46,2024-05-08 17:00:56,21415.4938,21419.6251,943843,OTC,"{""bid"": 21415.4938, ""ask"": 21419.6251, ""volume"": 943843, ""spread"": 4.1313}"
336,29,2024-03-29 10:57:39,40383.0487,40387.9536,123894,EXCHANGE,"{""bid"": 40383.0487, ""ask"": 40387.9536, ""volume"": 123894, ""spread"": 4.9049}"
337,1,2024-09-05 02:30:16,4680.5661,4684.3926,6671,EXCHANGE,"{""bid"": 4680.5661, ""ask"": 4684.3926, ""volume"": 6671, ""spread"": 3.8265}"
338,60,2024-04-07 03:19:16,14884.0035,14885.2319,728780,EXCHANGE,"{""bid"": 14884.0035, ""ask"": 14885.2319, ""volume"": 728780, ""spread"": 1.2284}"
339,8,2024-04-12 01:07:34,48440.9992,48445.2555,838576,EXCHANGE,"{""bid"": 48440.9992, ""ask"": 48445.2555, ""volume"": 838576, ""spread"": 4.2563}"
340,16,2024-02-21 08:14:54,12271.4595,12276.3299,127495,EXCHANGE,"{""bid"": 12271.4595, ""ask"": 12276.3299, ""volume"": 127495, ""spread"": 4.8704}"
341,12,2024-05-31 14:41:47,6047.8997,6051.2263,752185,EXCHANGE,"{""bid"": 6047.8997, ""ask"": 6051.2263, ""volume"": 752185, ""spread"": 3.3266}"
342,43,2024-05-03 03:32:21,25616.8384,25620.6911,897696,EXCHANGE,"{""bid"": 25616.8384, ""ask"": 25620.6911, ""volume"": 897696, ""spread"": 3.8527}"
343,45,2024-08-25 23:39:28,9204.802,9207.9889,151717,OTC,"{""bid"": 9204.802, ""ask"": 9207.9889, ""volume"": 151717, ""spread"": 3.1869}"
344,7,2024-09-22 16:37:51,48698.6407,48702.1567,574361,EXCHANGE,"{""bid"": 48698.6407, ""ask"": 48702.1567, ""volume"": 574361, ""spread"": 3.516}"
345,40,2024-12-24 16:14:48,10401.6684,10406.5501,516478,OTC,"{""bid"": 10401.6684, ""ask"": 10406.5501, ""volume"": 516478, ""spread"": 4.8817}"
346,7,2024-12-01 19:43:37,14449.3816,14449.513,279636,EXCHANGE,"{""bid"": 14449.3816, ""ask"": 14449.513, ""volume"": 279636, ""spread"": 0.1314}"
347,33,2025-01-21 07:03:17,40158.9649,40159.2667,955623,OTC,"{""bid"": 40158.9649, ""ask"": 40159.2667, ""volume"": 955623, ""spread"": 0.3018}"
348,37,2024-04-08 13:32:43,44070.1584,44070.9596,171947,EXCHANGE,"{""bid"": 44070.1584, ""ask"": 44070.9596, ""volume"": 171947, ""spread"": 0.8012}"
349,6,2024-11-13 16:01:33,29282.8742,29285.0949,80438,EXCHANGE,"{""bid"": 29282.8742, ""ask"": 29285.0949, ""volume"": 80438, ""spread"": 2.2207}"
350,46,2024-10-27 22:10:39,40926.1583,40927.145,336391,EXCHANGE,"{""bid"": 40926.1583, ""ask"": 40927.145, ""volume"": 336391, ""spread"": 0.9867}"
351,24,2024-02-16 12:13:56,17286.2245,17289.6635,516206,EXCHANGE,"{""bid"": 17286.2245, ""ask"": 17289.6635, ""volume"": 516206, ""spread"": 3.439}"
352,23,2024-10-03 16:01:17,8259.6257,8261.5584,889877,EXCHANGE,"{""bid"": 8259.6257, ""ask"": 8261.5584, ""volume"": 889877, ""spread"": 1.9327}"
353,5,2024-08-09 15:53:12,19406.5171,19406.6309,749898,EXCHANGE,"{""bid"": 19406.5171, ""ask"": 19406.6309, ""volume"": 749898, ""spread"": 0.1138}"
354,58,2024-11-06 23:00:51,23836.3586,23839.1821,768521,OTC,"{""bid"": 23836.3586, ""ask"": 23839.1821, ""volume"": 768521, ""spread"": 2.8235}"
355,18,2024-10-09 10:28:38,28871.6902,28875.363,789001,OTC,"{""bid"": 28871.6902, ""ask"": 28875.363, ""volume"": 789001, ""spread"": 3.6728}"
356,54,2024-02-19 22:26:02,30297.3293,30301.5922,158901,EXCHANGE,"{""bid"": 30297.3293, ""ask"": 30301.5922, ""volume"": 158901, ""spread"": 4.2629}"
357,26,2024-05-18 22:20:06,34265.3337,34267.8013,987771,EXCHANGE,"{""bid"": 34265.3337, ""ask"": 34267.8013, ""volume"": 987771, ""spread"": 2.4676}"
358,55,2024-04-18 10:42:28,23509.0128,23510.0823,776136,EXCHANGE,"{""bid"": 23509.0128, ""ask"": 23510.0823, ""volume"": 776136, ""spread"": 1.0695}"
359,27,2024-07-02 19:06:05,407.6593,410.1083,518826,OTC,"{""bid"": 407.6593, ""ask"": 410.1083, ""volume"": 518826, ""spread"": 2.449}"
360,14,2024-08-04 03:10:01,48993.0705,48993.1267,357060,EXCHANGE,"{""bid"": 48993.0705, ""ask"": 48993.1267, ""volume"": 357060, ""spread"": 0.0562}"
361,19,2024-05-17 11:06:27,7990.8367,7995.6517,476388,EXCHANGE,"{""bid"": 7990.8367, ""ask"": 7995.6517, ""volume"": 476388, ""spread"": 4.815}"
362,21,2024-01-29 06:01:37,49228.3777,49231.5528,397752,EXCHANGE,"{""bid"": 49228.3777, ""ask"": 49231.5528, ""volume"": 397752, ""spread"": 3.1751}"
363,32,2024-03-14 08:02:53,14549.8894,14552.1198,611826,EXCHANGE,"{""bid"": 14549.8894, ""ask"": 14552.1198, ""volume"": 611826, ""spread"": 2.2304}"
364,7,2024-09-09 00:08:37,33382.5137,33387.2383,900020,EXCHANGE,"{""bid"": 33382.5137, ""ask"": 33387.2383, ""volume"": 900020, ""spread"": 4.7246}"
365,26,2024-07-19 11:07:46,38295.413,38299.9864,247143,EXCHANGE,"{""bid"": 38295.413, ""ask"": 38299.9864, ""volume"": 247143, ""spread"": 4.5734}"
366,26,2024-10-14 10:08:11,4328.674,4333.015,749659,EXCHANGE,"{""bid"": 4328.674, ""ask"": 4333.015, ""volume"": 749659, ""spread"": 4.341}"
367,53,2024-08-11 18:41:38,20986.4933,20986.6003,589070,EXCHANGE,"{""bid"": 20986.4933, ""ask"": 20986.6003, ""volume"": 589070, ""spread"": 0.107}"
368,50,2024-12-13 03:41:25,23999.7655,24000.1232,330446,EXCHANGE,"{""bid"": 23999.7655, ""ask"": 24000.1232, ""volume"": 330446, ""spread"": 0.3577}"
369,33,2025-01-21 02:05:59,7078.4674,7081.0007,381134,EXCHANGE,"{""bid"": 7078.4674, ""ask"": 7081.0007, ""volume"": 381134, ""spread"": 2.5333}"
370,54,2025-02-01 22:51:35,887.043,888.754,367621,EXCHANGE,"{""bid"": 887.043, ""ask"": 888.754, ""volume"": 367621, ""spread"": 1.711}"
371,55,2024-02-04 03:01:20,26677.0037,26678.5313,808498,EXCHANGE,"{""bid"": 26677.0037, ""ask"": 26678.5313, ""volume"": 808498, ""spread"": 1.5276}"
372,45,2024-08-21 05:40:43,33677.1761,33682.1012,851436,EXCHANGE,"{""bid"": 33677.1761, ""ask"": 33682.1012, ""volume"": 851436, ""spread"": 4.9251}"
373,16,2024-10-05 23:38:14,6438.7084,6440.6716,832572,EXCHANGE,"{""bid"": 6438.7084, ""ask"": 6440.6716, ""volume"": 832572, ""spread"": 1.9632}"
374,8,2024-03-27 17:45:40,41445.1048,41448.2633,899049,EXCHANGE,"{""bid"": 41445.1048, ""ask"": 41448.2633, ""volume"": 899049, ""spread"": 3.1585}"
375,49,2024-10-23 00:05:37,18669.0623,18672.0251,143272,EXCHANGE,"{""bid"": 18669.0623, ""ask"": 18672.0251, ""volume"": 143272, ""spread"": 2.9628}"
376,41,2024-03-21 02:03:20,22088.5702,22089.915,415730,OTC,"{""bid"": 22088.5702, ""ask"": 22089.915, ""volume"": 415730, ""spread"": 1.3448}"
377,16,2024-08-12 15:56:30,35330.8951,35334.9423,25645,EXCHANGE,"{""bid"": 35330.8951, ""ask"": 35334.9423, ""volume"": 25645, ""spread"": 4.0472}"
378,60,2024-10-02 17:55:36,42452.4836,42453.323,2241,OTC,"{""bid"": 42452.4836, ""ask"": 42453.323, ""volume"": 2241, ""spread"": 0.8394}"
379,4,2024-10-09 17:30:16,11042.1869,11045.2657,727164,OTC,"{""bid"": 11042.1869, ""ask"": 11045.2657, ""volume"": 727164, ""spread"": 3.0788}"
380,58,2024-11-27 10:51:48,24234.5475,24237.2102,475041,OTC,"{""bid"": 24234.5475, ""ask"": 24237.2102, ""volume"": 475041, ""spread"": 2.6627}"
381,53,2024-05-09 19:20:55,8992.063,8994.122,717849,EXCHANGE,"{""bid"": 8992.063, ""ask"": 8994.122, ""volume"": 717849, ""spread"": 2.059}"
382,30,2024-06-12 20:05:17,32185.6758,32190.1756,589824,EXCHANGE,"{""bid"": 32185.6758, ""ask"": 32190.1756, ""volume"": 589824, ""spread"": 4.4998}"
383,5,2024-01-13 09:55:06,34778.1302,34778.6584,257422,EXCHANGE,"{""bid"": 34778.1302, ""ask"": 34778.6584, ""volume"": 257422, ""spread"": 0.5282}"
384,48,2024-07-30 20:37:37,16859.2518,16862.8685,274497,EXCHANGE,"{""bid"": 16859.2518, ""ask"": 16862.8685, ""volume"": 274497, ""spread"": 3.6167}"
385,10,2025-01-24 03:27:49,38146.0863,38150.0238,301087,OTC,"{""bid"": 38146.0863, ""ask"": 38150.0238, ""volume"": 301087, ""spread"": 3.9375}"
386,47,2024-04-10 14:05:46,8002.0211,8003.2121,790705,EXCHANGE,"{""bid"": 8002.0211, ""ask"": 8003.2121, ""volume"": 790705, ""spread"": 1.191}"
387,54,2024-09-12 08:58:20,12010.3773,12010.4187,599409,OTC,"{""bid"": 12010.3773, ""ask"": 12010.4187, ""volume"": 599409, ""spread"": 0.0414}"
388,33,2024-08-08 22:55:28,44177.2652,44178.3551,961741,EXCHANGE,"{""bid"": 44177.2652, ""ask"": 44178.3551, ""volume"": 961741, ""spread"": 1.0899}"
389,48,2024-03-22 06:58:42,27874.4422,27878.6414,354158,EXCHANGE,"{""bid"": 27874.4422, ""ask"": 27878.6414, ""volume"": 354158, ""spread"": 4.1992}"
390,19,2024-02-27 16:27:29,4776.3793,4778.7222,586504,EXCHANGE,"{""bid"": 4776.3793, ""ask"": 4778.7222, ""volume"": 586504, ""spread"": 2.3429}"
391,49,2024-09-06 14:42:20,13969.2604,13971.316,718328,EXCHANGE,"{""bid"": 13969.2604, ""ask"": 13971.316, ""volume"": 718328, ""spread"": 2.0556}"
392,39,2024-04-30 18:40:38,11470.044,11470.2709,976624,EXCHANGE,"{""bid"": 11470.044, ""ask"": 11470.2709, ""volume"": 976624, ""spread"": 0.2269}"
393,26,2024-10-15 18:52:13,21910.933,21914.9619,240675,EXCHANGE,"{""bid"": 21910.933, ""ask"": 21914.9619, ""volume"": 240675, ""spread"": 4.0289}"
394,39,2024-05-22 03:53:41,25836.253,25839.635,445727,EXCHANGE,"{""bid"": 25836.253, ""ask"": 25839.635, ""volume"": 445727, ""spread"": 3.382}"
395,11,2024-08-28 14:41:41,19204.7031,19205.4008,12683,OTC,"{""bid"": 19204.7031, ""ask"": 19205.4008, ""volume"": 12683, ""spread"": 0.6977}"
396,38,2024-05-24 07:24:06,14984.9513,14989.4238,615190,EXCHANGE,"{""bid"": 14984.9513, ""ask"": 14989.4238, ""volume"": 615190, ""spread"": 4.4725}"
397,9,2024-08-02 05:09:39,29483.812,29488.4837,63942,OTC,"{""bid"": 29483.812, ""ask"": 29488.4837, ""volume"": 63942, ""spread"": 4.6717}"
398,18,2024-08-02 13:37:09,46744.8398,46749.1248,732826,OTC,"{""bid"": 46744.8398, ""ask"": 46749.1248, ""volume"": 732826, ""spread"": 4.285}"
399,41,2024-10-26 06:41:15,44360.1848,44360.5981,973330,EXCHANGE,"{""bid"": 44360.1848, ""ask"": 44360.5981, ""volume"": 973330, ""spread"": 0.4133}"
400,57,2024-08-07 14:27:59,20922.8665,20923.1918,515870,EXCHANGE,"{""bid"": 20922.8665, ""ask"": 20923.1918, ""volume"": 515870, ""spread"": 0.3253}"
401,44,2024-02-18 08:13:46,27181.8353,27185.0727,971056,EXCHANGE,"{""bid"": 27181.8353, ""ask"": 27185.0727, ""volume"": 971056, ""spread"": 3.2374}"
402,41,2024-08-14 12:33:48,43840.3454,43841.4826,640792,OTC,"{""bid"": 43840.3454, ""ask"": 43841.4826, ""volume"": 640792, ""spread"": 1.1372}"
403,5,2024-10-11 09:19:19,36239.0497,36239.4853,771880,EXCHANGE,"{""bid"": 36239.0497, ""ask"": 36239.4853, ""volume"": 771880, ""spread"": 0.4356}"
404,28,2025-01-17 08:21:55,2379.9711,2383.4281,947388,EXCHANGE,"{""bid"": 2379.9711, ""ask"": 2383.4281, ""volume"": 947388, ""spread"": 3.457}"
405,18,2024-11-17 05:58:26,28176.0832,28179.5712,982099,EXCHANGE,"{""bid"": 28176.0832, ""ask"": 28179.5712, ""volume"": 982099, ""spread"": 3.488}"
406,23,2025-01-23 12:19:49,37200.0016,37201.2205,630597,EXCHANGE,"{""bid"": 37200.0016, ""ask"": 37201.2205, ""volume"": 630597, ""spread"": 1.2189}"
407,19,2024-05-14 03:23:37,9633.2831,9634.2054,581230,EXCHANGE,"{""bid"": 9633.2831, ""ask"": 9634.2054, ""volume"": 581230, ""spread"": 0.9223}"
408,40,2024-08-20 20:05:40,32722.7751,32724.4543,85765,EXCHANGE,"{""bid"": 32722.7751, ""ask"": 32724.4543, ""volume"": 85765, ""spread"": 1.6792}"
409,40,2024-12-04 13:43:39,28303.2359,28304.9553,718811,EXCHANGE,"{""bid"": 28303.2359, ""ask"": 28304.9553, ""volume"": 718811, ""spread"": 1.7194}"
410,58,2024-08-03 02:56:18,46236.2413,46236.7048,381955,EXCHANGE,"{""bid"": 46236.2413, ""ask"": 46236.7048, ""volume"": 381955, ""spread"": 0.4635}"
411,3,2024-11-17 06:18:50,25727.3251,25727.6601,538979,EXCHANGE,"{""bid"": 25727.3251, ""ask"": 25727.6601, ""volume"": 538979, ""spread"": 0.335}"
412,31,2024-04-03 05:15:04,28539.0234,28542.475,923113,EXCHANGE,"{""bid"": 28539.0234, ""ask"": 28542.475, ""volume"": 923113, ""spread"": 3.4516}"
413,53,2024-06-11 20:03:18,40822.6118,40825.1411,624237,EXCHANGE,"{""bid"": 40822.6118, ""ask"": 40825.1411, ""volume"": 624237, ""spread"": 2.5293}"
414,26,2024-11-25 05:09:10,1541.3624,1543.1325,120991,EXCHANGE,"{""bid"": 1541.3624, ""ask"": 1543.1325, ""volume"": 120991, ""spread"": 1.7701}"
415,34,2024-11-16 15:24:53,36581.4343,36585.0559,536709,EXCHANGE,"{""bid"": 36581.4343, ""ask"": 36585.0559, ""volume"": 536709, ""spread"": 3.6216}"
416,24,2024-05-26 13:24:30,2951.4428,2953.785,508664,EXCHANGE,"{""bid"": 2951.4428, ""ask"": 2953.785, ""volume"": 508664, ""spread"": 2.3422}"
417,57,2024-05-27 07:54:54,9671.1453,9673.6274,16781,EXCHANGE,"{""bid"": 9671.1453, ""ask"": 9673.6274, ""volume"": 16781, ""spread"": 2.4821}"
418,11,2025-02-03 16:36:02,34712.3682,34715.0116,770761,EXCHANGE,"{""bid"": 34712.3682, ""ask"": 34715.0116, ""volume"": 770761, ""spread"": 2.6434}"
419,4,2024-09-11 08:50:56,22719.2667,22722.2696,636571,EXCHANGE,"{""bid"": 22719.2667, ""ask"": 22722.2696, ""volume"": 636571, ""spread"": 3.0029}"
420,28,2024-02-04 01:34:10,26772.3017,26773.9357,472057,OTC,"{""bid"": 26772.3017, ""ask"": 26773.9357, ""volume"": 472057, ""spread"": 1.634}"
421,50,2024-02-23 23:59:04,35240.1087,35240.1866,70367,OTC,"{""bid"": 35240.1087, ""ask"": 35240.1866, ""volume"": 70367, ""spread"": 0.0779}"
422,11,2024-06-11 09:21:57,38164.7049,38164.7842,662013,EXCHANGE,"{""bid"": 38164.7049, ""ask"": 38164.7842, ""volume"": 662013, ""spread"": 0.0793}"
423,13,2024-12-31 07:36:48,27464.5445,27466.413,938765,OTC,"{""bid"": 27464.5445, ""ask"": 27466.413, ""volume"": 938765, ""spread"": 1.8685}"
424,54,2024-01-28 09:22:44,164.7948,169.0704,314266,EXCHANGE,"{""bid"": 164.7948, ""ask"": 169.0704, ""volume"": 314266, ""spread"": 4.2756}"
425,17,2024-03-16 19:08:20,39264.8752,39267.3983,372891,EXCHANGE,"{""bid"": 39264.8752, ""ask"": 39267.3983, ""volume"": 372891, ""spread"": 2.5231}"
426,43,2024-12-13 13:20:40,32905.1871,32906.1324,174024,EXCHANGE,"{""bid"": 32905.1871, ""ask"": 32906.1324, ""volume"": 174024, ""spread"": 0.9453}"
427,27,2024-10-20 09:52:45,41493.1409,41494.2446,122018,EXCHANGE,"{""bid"": 41493.1409, ""ask"": 41494.2446, ""volume"": 122018, ""spread"": 1.1037}"
428,1,2024-08-04 04:18:44,43010.685,43015.4883,883010,EXCHANGE,"{""bid"": 43010.685, ""ask"": 43015.4883, ""volume"": 883010, ""spread"": 4.8033}"
429,30,2024-10-10 17:21:06,31898.2381,31898.5154,898961,OTC,"{""bid"": 31898.2381, ""ask"": 31898.5154, ""volume"": 898961, ""spread"": 0.2773}"
430,25,2024-09-05 03:30:56,27618.6428,27621.9883,236970,EXCHANGE,"{""bid"": 27618.6428, ""ask"": 27621.9883, ""volume"": 236970, ""spread"": 3.3455}"
431,21,2024-12-06 04:42:41,45723.1903,45727.5397,882642,EXCHANGE,"{""bid"": 45723.1903, ""ask"": 45727.5397, ""volume"": 882642, ""spread"": 4.3494}"
432,8,2024-06-25 23:42:09,30173.4498,30177.0743,14014,EXCHANGE,"{""bid"": 30173.4498, ""ask"": 30177.0743, ""volume"": 14014, ""spread"": 3.6245}"
433,30,2024-05-12 05:35:31,3871.6219,3872.6981,575308,EXCHANGE,"{""bid"": 3871.6219, ""ask"": 3872.6981, ""volume"": 575308, ""spread"": 1.0762}"
434,2,2024-02-08 01:23:10,14700.5773,14702.9592,822518,EXCHANGE,"{""bid"": 14700.5773, ""ask"": 14702.9592, ""volume"": 822518, ""spread"": 2.3819}"
435,14,2024-07-26 23:21:33,40539.2047,40543.7982,816475,EXCHANGE,"{""bid"": 40539.2047, ""ask"": 40543.7982, ""volume"": 816475, ""spread"": 4.5935}"
436,47,2024-02-18 15:28:56,17354.1084,17357.8436,887572,OTC,"{""bid"": 17354.1084, ""ask"": 17357.8436, ""volume"": 887572, ""spread"": 3.7352}"
437,24,2024-02-15 21:44:11,6253.3806,6254.6056,712849,EXCHANGE,"{""bid"": 6253.3806, ""ask"": 6254.6056, ""volume"": 712849, ""spread"": 1.225}"
438,36,2024-12-21 10:52:09,48313.6448,48316.5712,838922,EXCHANGE,"{""bid"": 48313.6448, ""ask"": 48316.5712, ""volume"": 838922, ""spread"": 2.9264}"
439,53,2024-08-13 09:25:00,17821.8462,17822.7357,959661,EXCHANGE,"{""bid"": 17821.8462, ""ask"": 17822.7357, ""volume"": 959661, ""spread"": 0.8895}"
440,31,2024-03-10 04:26:15,42073.2163,42076.5768,491727,EXCHANGE,"{""bid"": 42073.2163, ""ask"": 42076.5768, ""volume"": 491727, ""spread"": 3.3605}"
441,58,2024-12-13 06:05:36,35498.7765,35502.5736,924431,EXCHANGE,"{""bid"": 35498.7765, ""ask"": 35502.5736, ""volume"": 924431, ""spread"": 3.7971}"
442,37,2024-12-23 00:03:34,46446.6404,46449.617,318409,EXCHANGE,"{""bid"": 46446.6404, ""ask"": 46449.617, ""volume"": 318409, ""spread"": 2.9766}"
443,8,2024-09-15 09:20:30,36922.5053,36923.5475,836671,OTC,"{""bid"": 36922.5053, ""ask"": 36923.5475, ""volume"": 836671, ""spread"": 1.0422}"
444,23,2025-01-23 07:57:31,7116.4198,7117.0168,654792,OTC,"{""bid"": 7116.4198, ""ask"": 7117.0168, ""volume"": 654792, ""spread"": 0.597}"
445,57,2024-03-09 01:35:57,15057.3735,15060.6133,836946,EXCHANGE,"{""bid"": 15057.3735, ""ask"": 15060.6133, ""volume"": 836946, ""spread"": 3.2398}"
446,8,2024-11-19 11:06:06,11538.5358,11543.2657,785734,EXCHANGE,"{""bid"": 11538.5358, ""ask"": 11543.2657, ""volume"": 785734, ""spread"": 4.7299}"
447,54,2024-09-20 13:56:09,48828.2411,48830.604,480505,EXCHANGE,"{""bid"": 48828.2411, ""ask"": 48830.604, ""volume"": 480505, ""spread"": 2.3629}"
448,13,2024-10-15 15:12:45,40100.3548,40104.0842,137068,EXCHANGE,"{""bid"": 40100.3548, ""ask"": 40104.0842, ""volume"": 137068, ""spread"": 3.7294}"
449,56,2024-03-16 05:30:06,7462.4089,7463.6421,120246,EXCHANGE,"{""bid"": 7462.4089, ""ask"": 7463.6421, ""volume"": 120246, ""spread"": 1.2332}"
450,60,2024-02-13 08:43:34,3964.671,3966.1519,602397,EXCHANGE,"{""bid"": 3964.671, ""ask"": 3966.1519, ""volume"": 602397, ""spread"": 1.4809}"
451,1,2024-02-22 10:29:39,31796.8056,31798.7352,547738,EXCHANGE,"{""bid"": 31796.8056, ""ask"": 31798.7352, ""volume"": 547738, ""spread"": 1.9296}"
452,7,2024-12-14 09:19:04,19514.8864,19519.4326,683345,EXCHANGE,"{""bid"": 19514.8864, ""ask"": 19519.4326, ""volume"": 683345, ""spread"": 4.5462}"
453,34,2024-01-14 18:45:35,48619.5973,48624.1455,767234,EXCHANGE,"{""bid"": 48619.5973, ""ask"": 48624.1455, ""volume"": 767234, ""spread"": 4.5482}"
454,35,2025-01-15 20:45:41,41490.6549,41491.6957,264004,OTC,"{""bid"": 41490.6549, ""ask"": 41491.6957, ""volume"": 264004, ""spread"": 1.0408}"
455,23,2024-03-26 11:18:12,41335.7334,41337.8381,483951,OTC,"{""bid"": 41335.7334, ""ask"": 41337.8381, ""volume"": 483951, ""spread"": 2.1047}"
456,3,2024-07-19 21:08:15,43091.4492,43094.4459,590448,EXCHANGE,"{""bid"": 43091.4492, ""ask"": 43094.4459, ""volume"": 590448, ""spread"": 2.9967}"
457,4,2024-06-03 23:54:53,43837.9165,43841.5014,333595,EXCHANGE,"{""bid"": 43837.9165, ""ask"": 43841.5014, ""volume"": 333595, ""spread"": 3.5849}"
458,4,2024-05-12 18:04:55,28608.3816,28611.8856,713881,OTC,"{""bid"": 28608.3816, ""ask"": 28611.8856, ""volume"": 713881, ""spread"": 3.504}"
459,56,2024-06-14 04:02:26,20469.9922,20474.4437,660205,OTC,"{""bid"": 20469.9922, ""ask"": 20474.4437, ""volume"": 660205, ""spread"": 4.4515}"
460,55,2024-12-02 21:47:33,38247.5331,38250.8826,120496,EXCHANGE,"{""bid"": 38247.5331, ""ask"": 38250.8826, ""volume"": 120496, ""spread"": 3.3495}"
461,40,2024-04-18 18:07:14,41173.2657,41178.0012,103935,EXCHANGE,"{""bid"": 41173.2657, ""ask"": 41178.0012, ""volume"": 103935, ""spread"": 4.7355}"
462,41,2024-02-14 19:10:51,29641.5157,29644.0692,460639,EXCHANGE,"{""bid"": 29641.5157, ""ask"": 29644.0692, ""volume"": 460639, ""spread"": 2.5535}"
463,16,2024-04-07 15:09:38,31139.8267,31144.7652,400190,EXCHANGE,"{""bid"": 31139.8267, ""ask"": 31144.7652, ""volume"": 400190, ""spread"": 4.9385}"
464,10,2024-03-11 12:50:39,49099.0251,49101.3728,992353,OTC,"{""bid"": 49099.0251, ""ask"": 49101.3728, ""volume"": 992353, ""spread"": 2.3477}"
465,4,2024-02-17 13:38:07,7373.5364,7373.5613,62757,EXCHANGE,"{""bid"": 7373.5364, ""ask"": 7373.5613, ""volume"": 62757, ""spread"": 0.0249}"
466,51,2024-07-15 21:47:53,409.4592,410.2013,523360,OTC,"{""bid"": 409.4592, ""ask"": 410.2013, ""volume"": 523360, ""spread"": 0.7421}"
467,51,2024-04-06 02:21:39,2939.8942,2944.2101,231704,EXCHANGE,"{""bid"": 2939.8942, ""ask"": 2944.2101, ""volume"": 231704, ""spread"": 4.3159}"
468,2,2024-10-17 14:49:54,30587.5081,30591.1698,579536,OTC,"{""bid"": 30587.5081, ""ask"": 30591.1698, ""volume"": 579536, ""spread"": 3.6617}"
469,49,2024-04-01 22:40:21,14609.1118,14613.6894,406049,EXCHANGE,"{""bid"": 14609.1118, ""ask"": 14613.6894, ""volume"": 406049, ""spread"": 4.5776}"
470,2,2024-07-17 22:55:20,44660.2108,44662.4109,378011,OTC,"{""bid"": 44660.2108, ""ask"": 44662.4109, ""volume"": 378011, ""spread"": 2.2001}"
471,27,2024-01-06 00:54:25,256.0172,258.6321,561946,EXCHANGE,"{""bid"": 256.0172, ""ask"": 258.6321, ""volume"": 561946, ""spread"": 2.6149}"
472,53,2024-10-31 17:21:03,6303.8777,6304.4271,401151,EXCHANGE,"{""bid"": 6303.8777, ""ask"": 6304.4271, ""volume"": 401151, ""spread"": 0.5494}"
473,44,2024-02-09 01:12:10,41931.6029,41932.5607,364436,EXCHANGE,"{""bid"": 41931.6029, ""ask"": 41932.5607, ""volume"": 364436, ""spread"": 0.9578}"
474,56,2024-06-17 00:50:16,10203.2865,10205.0219,698273,EXCHANGE,"{""bid"": 10203.2865, ""ask"": 10205.0219, ""volume"": 698273, ""spread"": 1.7354}"
475,38,2024-02-12 00:28:46,29747.9371,29749.1909,867909,EXCHANGE,"{""bid"": 29747.9371, ""ask"": 29749.1909, ""volume"": 867909, ""spread"": 1.2538}"
476,51,2024-01-13 10:30:25,39872.8901,39876.7147,356879,EXCHANGE,"{""bid"": 39872.8901, ""ask"": 39876.7147, ""volume"": 356879, ""spread"": 3.8246}"
477,39,2024-06-11 09:18:36,24809.128,24809.4525,99729,EXCHANGE,"{""bid"": 24809.128, ""ask"": 24809.4525, ""volume"": 99729, ""spread"": 0.3245}"
478,44,2024-05-28 21:31:20,30708.4651,30709.7519,530652,EXCHANGE,"{""bid"": 30708.4651, ""ask"": 30709.7519, ""volume"": 530652, ""spread"": 1.2868}"
479,1,2024-09-28 04:07:30,17128.7687,17130.8833,25376,EXCHANGE,"{""bid"": 17128.7687, ""ask"": 17130.8833, ""volume"": 25376, ""spread"": 2.1146}"
480,60,2024-07-24 22:33:46,3651.6223,3656.2681,519182,EXCHANGE,"{""bid"": 3651.6223, ""ask"": 3656.2681, ""volume"": 519182, ""spread"": 4.6458}"
481,36,2024-08-21 04:01:34,43769.0091,43772.5618,126219,EXCHANGE,"{""bid"": 43769.0091, ""ask"": 43772.5618, ""volume"": 126219, ""spread"": 3.5527}"
482,21,2024-09-15 20:21:50,18747.8182,18750.9108,262043,OTC,"{""bid"": 18747.8182, ""ask"": 18750.9108, ""volume"": 262043, ""spread"": 3.0926}"
483,13,2024-03-18 00:03:42,42334.2819,42334.5763,456638,EXCHANGE,"{""bid"": 42334.2819, ""ask"": 42334.5763, ""volume"": 456638, ""spread"": 0.2944}"
484,34,2024-03-13 07:12:13,20462.8736,20463.715,587612,EXCHANGE,"{""bid"": 20462.8736, ""ask"": 20463.715, ""volume"": 587612, ""spread"": 0.8414}"
485,34,2024-02-23 23:11:02,5422.5472,5423.8952,557472,EXCHANGE,"{""bid"": 5422.5472, ""ask"": 5423.8952, ""volume"": 557472, ""spread"": 1.348}"
486,23,2024-09-09 18:06:20,33730.6327,33732.4386,234285,EXCHANGE,"{""bid"": 33730.6327, ""ask"": 33732.4386, ""volume"": 234285, ""spread"": 1.8059}"
487,38,2024-08-26 03:53:23,20188.6418,20190.2964,421456,OTC,"{""bid"": 20188.6418, ""ask"": 20190.2964, ""volume"": 421456, ""spread"": 1.6546}"
488,57,2024-06-03 15:35:30,13262.0828,13263.6853,156230,OTC,"{""bid"": 13262.0828, ""ask"": 13263.6853, ""volume"": 156230, ""spread"": 1.6025}"
489,26,2025-01-10 01:38:25,9434.3098,9438.2828,673756,EXCHANGE,"{""bid"": 9434.3098, ""ask"": 9438.2828, ""volume"": 673756, ""spread"": 3.973}"
490,12,2024-09-30 16:32:53,34858.2147,34859.3903,40350,OTC,"{""bid"": 34858.2147, ""ask"": 34859.3903, ""volume"": 40350, ""spread"": 1.1756}"
491,53,2024-04-05 22:23:55,26066.9035,26069.832,856859,EXCHANGE,"{""bid"": 26066.9035, ""ask"": 26069.832, ""volume"": 856859, ""spread"": 2.9285}"
492,40,2024-03-29 13:25:31,35980.6769,35982.0808,36631,EXCHANGE,"{""bid"": 35980.6769, ""ask"": 35982.0808, ""volume"": 36631, ""spread"": 1.4039}"
493,14,2024-03-13 15:38:43,4224.1738,4225.1296,946179,OTC,"{""bid"": 4224.1738, ""ask"": 4225.1296, ""volume"": 946179, ""spread"": 0.9558}"
494,26,2024-01-05 12:42:11,29486.6616,29490.8654,146397,EXCHANGE,"{""bid"": 29486.6616, ""ask"": 29490.8654, ""volume"": 146397, ""spread"": 4.2038}"
495,27,2024-05-15 22:18:50,46102.3118,46102.6446,105507,EXCHANGE,"{""bid"": 46102.3118, ""ask"": 46102.6446, ""volume"": 105507, ""spread"": 0.3328}"
496,34,2024-12-13 06:54:30,18838.0023,18840.2521,366985,EXCHANGE,"{""bid"": 18838.0023, ""ask"": 18840.2521, ""volume"": 366985, ""spread"": 2.2498}"
497,38,2025-01-16 12:52:36,11876.3364,11880.2048,866724,OTC,"{""bid"": 11876.3364, ""ask"": 11880.2048, ""volume"": 866724, ""spread"": 3.8684}"
498,55,2024-01-08 08:15:32,37054.2695,37057.8699,111960,EXCHANGE,"{""bid"": 37054.2695, ""ask"": 37057.8699, ""volume"": 111960, ""spread"": 3.6004}"
499,40,2024-03-06 14:18:16,2266.822,2271.4492,140177,EXCHANGE,"{""bid"": 2266.822, ""ask"": 2271.4492, ""volume"": 140177, ""spread"": 4.6272}"
500,19,2024-08-05 17:59:14,36636.4393,36636.904,271609,OTC,"{""bid"": 36636.4393, ""ask"": 36636.904, ""volume"": 271609, ""spread"": 0.4647}"
501,32,2024-05-21 07:43:37,46069.9128,46074.8732,36929,EXCHANGE,"{""bid"": 46069.9128, ""ask"": 46074.8732, ""volume"": 36929, ""spread"": 4.9604}"
502,51,2024-08-16 12:41:17,29028.6079,29029.0842,729269,EXCHANGE,"{""bid"": 29028.6079, ""ask"": 29029.0842, ""volume"": 729269, ""spread"": 0.4763}"
503,33,2024-11-27 06:56:01,45963.6657,45966.6099,632132,EXCHANGE,"{""bid"": 45963.6657, ""ask"": 45966.6099, ""volume"": 632132, ""spread"": 2.9442}"
504,1,2024-07-16 21:50:36,43045.3483,43046.3655,366186,OTC,"{""bid"": 43045.3483, ""ask"": 43046.3655, ""volume"": 366186, ""spread"": 1.0172}"
505,41,2024-02-01 19:48:42,41230.0825,41233.3674,928639,EXCHANGE,"{""bid"": 41230.0825, ""ask"": 41233.3674, ""volume"": 928639, ""spread"": 3.2849}"
506,17,2024-04-09 00:16:34,30925.7673,30928.7405,914561,EXCHANGE,"{""bid"": 30925.7673, ""ask"": 30928.7405, ""volume"": 914561, ""spread"": 2.9732}"
507,46,2024-11-15 05:20:16,26371.4662,26372.8507,628915,OTC,"{""bid"": 26371.4662, ""ask"": 26372.8507, ""volume"": 628915, ""spread"": 1.3845}"
508,49,2024-01-30 02:00:18,9853.7814,9855.1048,655061,EXCHANGE,"{""bid"": 9853.7814, ""ask"": 9855.1048, ""volume"": 655061, ""spread"": 1.3234}"
509,50,2024-07-13 19:52:01,38344.5786,38345.1776,515453,EXCHANGE,"{""bid"": 38344.5786, ""ask"": 38345.1776, ""volume"": 515453, ""spread"": 0.599}"
510,56,2025-01-02 09:04:33,3399.5386,3402.944,674482,OTC,"{""bid"": 3399.5386, ""ask"": 3402.944, ""volume"": 674482, ""spread"": 3.4054}"
511,33,2025-01-16 19:38:55,2203.7245,2208.4215,786230,EXCHANGE,"{""bid"": 2203.7245, ""ask"": 2208.4215, ""volume"": 786230, ""spread"": 4.697}"
512,45,2024-02-03 19:20:51,7351.1047,7351.7827,639611,EXCHANGE,"{""bid"": 7351.1047, ""ask"": 7351.7827, ""volume"": 639611, ""spread"": 0.678}"
513,3,2024-10-22 03:52:41,6514.3516,6516.1421,954506,OTC,"{""bid"": 6514.3516, ""ask"": 6516.1421, ""volume"": 954506, ""spread"": 1.7905}"
514,31,2024-05-29 15:42:52,12940.7095,12945.6241,453659,EXCHANGE,"{""bid"": 12940.7095, ""ask"": 12945.6241, ""volume"": 453659, ""spread"": 4.9146}"
515,36,2024-09-29 00:33:50,11874.9617,11875.7433,58445,EXCHANGE,"{""bid"": 11874.9617, ""ask"": 11875.7433, ""volume"": 58445, ""spread"": 0.7816}"
516,4,2024-08-03 12:15:20,27851.0777,27854.213,892875,EXCHANGE,"{""bid"": 27851.0777, ""ask"": 27854.213, ""volume"": 892875, ""spread"": 3.1353}"
517,22,2024-05-05 15:12:23,23240.4298,23240.6475,555458,EXCHANGE,"{""bid"": 23240.4298, ""ask"": 23240.6475, ""volume"": 555458, ""spread"": 0.2177}"
518,44,2024-04-02 08:17:46,3606.443,3609.1475,55965,OTC,"{""bid"": 3606.443, ""ask"": 3609.1475, ""volume"": 55965, ""spread"": 2.7045}"
519,28,2024-06-09 01:17:27,21847.6916,21850.3627,733135,EXCHANGE,"{""bid"": 21847.6916, ""ask"": 21850.3627, ""volume"": 733135, ""spread"": 2.6711}"
520,29,2024-04-09 14:33:13,37527.6149,37528.8693,231297,EXCHANGE,"{""bid"": 37527.6149, ""ask"": 37528.8693, ""volume"": 231297, ""spread"": 1.2544}"
521,47,2024-03-22 00:32:06,40611.265,40611.5136,598120,EXCHANGE,"{""bid"": 40611.265, ""ask"": 40611.5136, ""volume"": 598120, ""spread"": 0.2486}"
522,17,2024-06-25 05:58:49,40310.3736,40312.4906,586001,EXCHANGE,"{""bid"": 40310.3736, ""ask"": 40312.4906, ""volume"": 586001, ""spread"": 2.117}"
523,49,2024-10-26 20:50:14,30417.2009,30418.664,934106,EXCHANGE,"{""bid"": 30417.2009, ""ask"": 30418.664, ""volume"": 934106, ""spread"": 1.4631}"
524,7,2024-08-19 21:58:22,24264.2799,24266.1931,963182,EXCHANGE,"{""bid"": 24264.2799, ""ask"": 24266.1931, ""volume"": 963182, ""spread"": 1.9132}"
525,18,2024-11-12 18:55:25,4792.481,4796.9603,353483,EXCHANGE,"{""bid"": 4792.481, ""ask"": 4796.9603, ""volume"": 353483, ""spread"": 4.4793}"
526,8,2024-07-01 01:24:32,24307.6908,24311.4481,564322,OTC,"{""bid"": 24307.6908, ""ask"": 24311.4481, ""volume"": 564322, ""spread"": 3.7573}"
527,44,2024-07-21 10:01:34,48285.1575,48285.4494,734930,EXCHANGE,"{""bid"": 48285.1575, ""ask"": 48285.4494, ""volume"": 734930, ""spread"": 0.2919}"
528,50,2024-05-02 07:43:26,49345.4912,49350.4472,222372,EXCHANGE,"{""bid"": 49345.4912, ""ask"": 49350.4472, ""volume"": 222372, ""spread"": 4.956}"
529,55,2024-12-04 21:59:53,35028.7926,35028.9053,268035,EXCHANGE,"{""bid"": 35028.7926, ""ask"": 35028.9053, ""volume"": 268035, ""spread"": 0.1127}"
530,19,2024-07-11 14:26:03,33421.7564,33425.1721,521772,EXCHANGE,"{""bid"": 33421.7564, ""ask"": 33425.1721, ""volume"": 521772, ""spread"": 3.4157}"
531,51,2024-10-14 15:39:53,8072.1336,8076.7049,294782,OTC,"{""bid"": 8072.1336, ""ask"": 8076.7049, ""volume"": 294782, ""spread"": 4.5713}"
532,39,2024-01-18 05:33:52,19378.2136,19379.7925,771707,OTC,"{""bid"": 19378.2136, ""ask"": 19379.7925, ""volume"": 771707, ""spread"": 1.5789}"
533,37,2024-12-12 05:37:45,26197.2125,26198.4131,384523,EXCHANGE,"{""bid"": 26197.2125, ""ask"": 26198.4131, ""volume"": 384523, ""spread"": 1.2006}"
534,46,2024-07-09 12:45:42,34627.6086,34630.682,551950,EXCHANGE,"{""bid"": 34627.6086, ""ask"": 34630.682, ""volume"": 551950, ""spread"": 3.0734}"
535,48,2024-08-16 21:07:09,24639.2916,24642.9721,731920,EXCHANGE,"{""bid"": 24639.2916, ""ask"": 24642.9721, ""volume"": 731920, ""spread"": 3.6805}"
536,18,2024-09-17 01:21:50,39477.2316,39478.7423,829483,OTC,"{""bid"": 39477.2316, ""ask"": 39478.7423, ""volume"": 829483, ""spread"": 1.5107}"
537,4,2024-07-17 23:51:31,45467.6056,45470.981,109286,OTC,"{""bid"": 45467.6056, ""ask"": 45470.981, ""volume"": 109286, ""spread"": 3.3754}"
538,52,2024-07-21 19:58:53,190.4052,191.8069,310324,EXCHANGE,"{""bid"": 190.4052, ""ask"": 191.8069, ""volume"": 310324, ""spread"": 1.4017}"
539,29,2024-01-09 21:48:16,2078.3804,2078.6022,434985,OTC,"{""bid"": 2078.3804, ""ask"": 2078.6022, ""volume"": 434985, ""spread"": 0.2218}"
540,10,2024-03-25 09:48:05,4267.6818,4270.2071,939191,EXCHANGE,"{""bid"": 4267.6818, ""ask"": 4270.2071, ""volume"": 939191, ""spread"": 2.5253}"
541,16,2024-04-27 09:33:03,21199.6404,21203.6011,812103,EXCHANGE,"{""bid"": 21199.6404, ""ask"": 21203.6011, ""volume"": 812103, ""spread"": 3.9607}"
542,37,2024-12-08 11:07:12,3042.2073,3046.332,806062,EXCHANGE,"{""bid"": 3042.2073, ""ask"": 3046.332, ""volume"": 806062, ""spread"": 4.1247}"
543,26,2024-01-13 01:05:14,4628.2894,4632.0572,961503,OTC,"{""bid"": 4628.2894, ""ask"": 4632.0572, ""volume"": 961503, ""spread"": 3.7678}"
544,39,2024-08-28 07:48:19,35763.2209,35764.6609,428173,EXCHANGE,"{""bid"": 35763.2209, ""ask"": 35764.6609, ""volume"": 428173, ""spread"": 1.44}"
545,23,2024-05-16 17:17:16,49951.3446,49951.9729,830432,EXCHANGE,"{""bid"": 49951.3446, ""ask"": 49951.9729, ""volume"": 830432, ""spread"": 0.6283}"
546,9,2024-12-31 14:27:10,7711.4924,7713.7847,104551,EXCHANGE,"{""bid"": 7711.4924, ""ask"": 7713.7847, ""volume"": 104551, ""spread"": 2.2923}"
547,10,2024-01-29 14:57:15,27843.1578,27846.384,534607,OTC,"{""bid"": 27843.1578, ""ask"": 27846.384, ""volume"": 534607, ""spread"": 3.2262}"
548,35,2024-06-05 18:55:01,7933.2951,7933.5998,809691,EXCHANGE,"{""bid"": 7933.2951, ""ask"": 7933.5998, ""volume"": 809691, ""spread"": 0.3047}"
549,30,2024-06-24 22:52:03,29388.9681,29389.6437,337341,EXCHANGE,"{""bid"": 29388.9681, ""ask"": 29389.6437, ""volume"": 337341, ""spread"": 0.6756}"
550,28,2024-11-04 11:56:48,42971.7485,42976.4998,357814,OTC,"{""bid"": 42971.7485, ""ask"": 42976.4998, ""volume"": 357814, ""spread"": 4.7513}"
551,18,2024-12-26 10:25:51,18520.261,18521.2509,629999,EXCHANGE,"{""bid"": 18520.261, ""ask"": 18521.2509, ""volume"": 629999, ""spread"": 0.9899}"
552,34,2024-06-24 13:41:26,10898.5332,10899.9921,61959,EXCHANGE,"{""bid"": 10898.5332, ""ask"": 10899.9921, ""volume"": 61959, ""spread"": 1.4589}"
553,10,2024-05-13 02:30:40,3363.5579,3364.9373,526079,EXCHANGE,"{""bid"": 3363.5579, ""ask"": 3364.9373, ""volume"": 526079, ""spread"": 1.3794}"
554,24,2024-03-19 01:20:22,332.6578,335.152,239594,EXCHANGE,"{""bid"": 332.6578, ""ask"": 335.152, ""volume"": 239594, ""spread"": 2.4942}"
555,53,2024-01-22 09:16:19,5554.6295,5558.7176,304836,OTC,"{""bid"": 5554.6295, ""ask"": 5558.7176, ""volume"": 304836, ""spread"": 4.0881}"
556,43,2024-01-09 07:19:18,22702.3862,22706.7506,752432,EXCHANGE,"{""bid"": 22702.3862, ""ask"": 22706.7506, ""volume"": 752432, ""spread"": 4.3644}"
557,22,2024-01-19 20:25:21,49159.2214,49160.797,565617,EXCHANGE,"{""bid"": 49159.2214, ""ask"": 49160.797, ""volume"": 565617, ""spread"": 1.5756}"
558,6,2025-01-19 16:45:28,14456.3613,14460.8863,820714,OTC,"{""bid"": 14456.3613, ""ask"": 14460.8863, ""volume"": 820714, ""spread"": 4.525}"
559,18,2024-10-13 14:05:47,33912.0767,33916.169,257024,EXCHANGE,"{""bid"": 33912.0767, ""ask"": 33916.169, ""volume"": 257024, ""spread"": 4.0923}"
560,10,2024-07-05 14:10:57,3807.6881,3812.5815,826371,OTC,"{""bid"": 3807.6881, ""ask"": 3812.5815, ""volume"": 826371, ""spread"": 4.8934}"
561,50,2024-05-16 06:34:06,16982.6636,16985.5932,709451,EXCHANGE,"{""bid"": 16982.6636, ""ask"": 16985.5932, ""volume"": 709451, ""spread"": 2.9296}"
562,31,2024-10-15 13:06:49,40798.7036,40803.6815,241550,EXCHANGE,"{""bid"": 40798.7036, ""ask"": 40803.6815, ""volume"": 241550, ""spread"": 4.9779}"
563,7,2024-05-15 04:19:33,7788.409,7790.79,334648,EXCHANGE,"{""bid"": 7788.409, ""ask"": 7790.79, ""volume"": 334648, ""spread"": 2.381}"
564,5,2024-06-06 06:19:43,26172.8311,26176.5001,950089,EXCHANGE,"{""bid"": 26172.8311, ""ask"": 26176.5001, ""volume"": 950089, ""spread"": 3.669}"
565,2,2024-05-23 17:03:10,31369.27,31370.8484,633142,OTC,"{""bid"": 31369.27, ""ask"": 31370.8484, ""volume"": 633142, ""spread"": 1.5784}"
566,31,2024-07-12 01:09:35,39399.2949,39399.5268,367013,OTC,"{""bid"": 39399.2949, ""ask"": 39399.5268, ""volume"": 367013, ""spread"": 0.2319}"
567,10,2024-12-01 09:38:51,32958.5213,32960.4735,76638,OTC,"{""bid"": 32958.5213, ""ask"": 32960.4735, ""volume"": 76638, ""spread"": 1.9522}"
568,12,2024-08-21 14:51:42,10588.8359,10590.0069,257185,EXCHANGE,"{""bid"": 10588.8359, ""ask"": 10590.0069, ""volume"": 257185, ""spread"": 1.171}"
569,23,2024-01-19 15:10:58,32203.6318,32208.4009,2710,EXCHANGE,"{""bid"": 32203.6318, ""ask"": 32208.4009, ""volume"": 2710, ""spread"": 4.7691}"
570,14,2024-05-02 18:40:58,48372.3542,48374.4078,898745,EXCHANGE,"{""bid"": 48372.3542, ""ask"": 48374.4078, ""volume"": 898745, ""spread"": 2.0536}"
571,11,2024-06-25 07:48:41,852.1999,856.8594,42119,EXCHANGE,"{""bid"": 852.1999, ""ask"": 856.8594, ""volume"": 42119, ""spread"": 4.6595}"
572,18,2024-02-17 09:42:32,22805.2975,22807.7738,917581,EXCHANGE,"{""bid"": 22805.2975, ""ask"": 22807.7738, ""volume"": 917581, ""spread"": 2.4763}"
573,19,2024-07-06 21:18:37,13585.0703,13589.176,691681,EXCHANGE,"{""bid"": 13585.0703, ""ask"": 13589.176, ""volume"": 691681, ""spread"": 4.1057}"
574,23,2025-01-06 04:22:12,16219.5749,16220.5229,458298,EXCHANGE,"{""bid"": 16219.5749, ""ask"": 16220.5229, ""volume"": 458298, ""spread"": 0.948}"
575,8,2024-11-24 12:37:23,14461.3545,14462.8917,493368,EXCHANGE,"{""bid"": 14461.3545, ""ask"": 14462.8917, ""volume"": 493368, ""spread"": 1.5372}"
576,60,2024-02-23 07:44:47,35039.8261,35043.097,369183,OTC,"{""bid"": 35039.8261, ""ask"": 35043.097, ""volume"": 369183, ""spread"": 3.2709}"
577,54,2024-06-27 06:57:46,43652.292,43656.5077,301731,EXCHANGE,"{""bid"": 43652.292, ""ask"": 43656.5077, ""volume"": 301731, ""spread"": 4.2157}"
578,43,2025-01-06 03:17:26,11427.8348,11428.3449,348439,OTC,"{""bid"": 11427.8348, ""ask"": 11428.3449, ""volume"": 348439, ""spread"": 0.5101}"
579,23,2024-09-10 15:44:18,13129.2625,13131.3133,591262,EXCHANGE,"{""bid"": 13129.2625, ""ask"": 13131.3133, ""volume"": 591262, ""spread"": 2.0508}"
580,34,2025-01-04 01:39:22,45792.5664,45796.0108,961070,EXCHANGE,"{""bid"": 45792.5664, ""ask"": 45796.0108, ""volume"": 961070, ""spread"": 3.4444}"
581,23,2024-03-22 15:19:06,26447.6408,26452.2035,819871,EXCHANGE,"{""bid"": 26447.6408, ""ask"": 26452.2035, ""volume"": 819871, ""spread"": 4.5627}"
582,44,2024-06-28 08:48:42,3004.816,3006.1587,926017,OTC,"{""bid"": 3004.816, ""ask"": 3006.1587, ""volume"": 926017, ""spread"": 1.3427}"
583,32,2024-12-05 14:30:22,25439.639,25444.0662,954668,EXCHANGE,"{""bid"": 25439.639, ""ask"": 25444.0662, ""volume"": 954668, ""spread"": 4.4272}"
584,24,2024-01-06 04:02:50,35666.7262,35671.4406,390114,EXCHANGE,"{""bid"": 35666.7262, ""ask"": 35671.4406, ""volume"": 390114, ""spread"": 4.7144}"
585,11,2025-01-06 01:32:55,42382.9011,42386.9759,275301,EXCHANGE,"{""bid"": 42382.9011, ""ask"": 42386.9759, ""volume"": 275301, ""spread"": 4.0748}"
586,56,2024-01-30 01:53:16,39600.2943,39604.7045,272465,OTC,"{""bid"": 39600.2943, ""ask"": 39604.7045, ""volume"": 272465, ""spread"": 4.4102}"
587,7,2024-06-19 21:46:28,33038.5221,33040.144,444069,EXCHANGE,"{""bid"": 33038.5221, ""ask"": 33040.144, ""volume"": 444069, ""spread"": 1.6219}"
588,19,2024-03-04 21:11:54,26143.133,26144.1548,457417,EXCHANGE,"{""bid"": 26143.133, ""ask"": 26144.1548, ""volume"": 457417, ""spread"": 1.0218}"
589,23,2024-08-30 14:08:51,19308.0794,19312.1732,979392,EXCHANGE,"{""bid"": 19308.0794, ""ask"": 19312.1732, ""volume"": 979392, ""spread"": 4.0938}"
590,37,2024-11-25 09:38:36,2063.9624,2068.0054,186494,EXCHANGE,"{""bid"": 2063.9624, ""ask"": 2068.0054, ""volume"": 186494, ""spread"": 4.043}"
591,57,2024-08-06 07:29:11,31727.7086,31730.6113,836070,EXCHANGE,"{""bid"": 31727.7086, ""ask"": 31730.6113, ""volume"": 836070, ""spread"": 2.9027}"
592,53,2024-01-07 14:03:31,41085.6268,41085.7056,1178,EXCHANGE,"{""bid"": 41085.6268, ""ask"": 41085.7056, ""volume"": 1178, ""spread"": 0.0788}"
593,36,2024-12-14 21:03:57,44739.7861,44740.7607,498403,EXCHANGE,"{""bid"": 44739.7861, ""ask"": 44740.7607, ""volume"": 498403, ""spread"": 0.9746}"
594,37,2024-12-05 10:36:16,38025.1041,38028.7966,446528,EXCHANGE,"{""bid"": 38025.1041, ""ask"": 38028.7966, ""volume"": 446528, ""spread"": 3.6925}"
595,52,2024-08-03 07:30:39,25636.5896,25636.6521,575168,EXCHANGE,"{""bid"": 25636.5896, ""ask"": 25636.6521, ""volume"": 575168, ""spread"": 0.0625}"
596,45,2024-11-15 23:31:00,43351.5481,43352.763,387470,EXCHANGE,"{""bid"": 43351.5481, ""ask"": 43352.763, ""volume"": 387470, ""spread"": 1.2149}"
597,7,2024-10-17 16:49:53,38486.8181,38490.9489,418438,EXCHANGE,"{""bid"": 38486.8181, ""ask"": 38490.9489, ""volume"": 418438, ""spread"": 4.1308}"
598,10,2024-09-26 11:54:49,34337.6637,34340.672,322730,EXCHANGE,"{""bid"": 34337.6637, ""ask"": 34340.672, ""volume"": 322730, ""spread"": 3.0083}"
599,22,2024-09-21 08:32:03,25445.8194,25449.4274,593114,EXCHANGE,"{""bid"": 25445.8194, ""ask"": 25449.4274, ""volume"": 593114, ""spread"": 3.608}"
600,43,2024-05-29 21:09:18,49572.744,49575.6944,625777,OTC,"{""bid"": 49572.744, ""ask"": 49575.6944, ""volume"": 625777, ""spread"": 2.9504}"
601,40,2024-08-11 18:29:45,2132.9572,2133.1299,614987,EXCHANGE,"{""bid"": 2132.9572, ""ask"": 2133.1299, ""volume"": 614987, ""spread"": 0.1727}"
602,37,2024-01-20 12:54:40,15138.4845,15141.5342,210562,EXCHANGE,"{""bid"": 15138.4845, ""ask"": 15141.5342, ""volume"": 210562, ""spread"": 3.0497}"
603,2,2024-05-03 13:48:38,22562.1684,22564.4839,233182,EXCHANGE,"{""bid"": 22562.1684, ""ask"": 22564.4839, ""volume"": 233182, ""spread"": 2.3155}"
604,17,2024-02-20 08:41:37,1545.6299,1546.2441,292600,EXCHANGE,"{""bid"": 1545.6299, ""ask"": 1546.2441, ""volume"": 292600, ""spread"": 0.6142}"
605,52,2024-02-14 19:43:23,22364.2035,22366.8667,473640,EXCHANGE,"{""bid"": 22364.2035, ""ask"": 22366.8667, ""volume"": 473640, ""spread"": 2.6632}"
606,50,2025-01-13 09:54:03,43691.8662,43692.2854,147765,EXCHANGE,"{""bid"": 43691.8662, ""ask"": 43692.2854, ""volume"": 147765, ""spread"": 0.4192}"
607,58,2024-07-02 09:18:47,44829.2993,44832.1255,14969,EXCHANGE,"{""bid"": 44829.2993, ""ask"": 44832.1255, ""volume"": 14969, ""spread"": 2.8262}"
608,4,2024-05-19 11:48:53,23415.0463,23415.9479,942594,EXCHANGE,"{""bid"": 23415.0463, ""ask"": 23415.9479, ""volume"": 942594, ""spread"": 0.9016}"
609,38,2024-10-12 11:22:59,34360.9264,34362.309,943284,EXCHANGE,"{""bid"": 34360.9264, ""ask"": 34362.309, ""volume"": 943284, ""spread"": 1.3826}"
610,24,2024-06-11 15:40:41,41201.6669,41204.3876,781446,EXCHANGE,"{""bid"": 41201.6669, ""ask"": 41204.3876, ""volume"": 781446, ""spread"": 2.7207}"
611,50,2024-08-05 07:43:34,10924.3337,10927.6383,848744,EXCHANGE,"{""bid"": 10924.3337, ""ask"": 10927.6383, ""volume"": 848744, ""spread"": 3.3046}"
612,38,2024-12-08 15:05:05,25719.6362,25720.5042,296435,EXCHANGE,"{""bid"": 25719.6362, ""ask"": 25720.5042, ""volume"": 296435, ""spread"": 0.868}"
613,39,2024-09-09 10:54:40,25371.82,25374.1516,704709,EXCHANGE,"{""bid"": 25371.82, ""ask"": 25374.1516, ""volume"": 704709, ""spread"": 2.3316}"
614,32,2024-04-09 07:23:22,6238.0877,6238.3612,290857,EXCHANGE,"{""bid"": 6238.0877, ""ask"": 6238.3612, ""volume"": 290857, ""spread"": 0.2735}"
615,31,2024-09-20 05:05:38,39450.6473,39453.2106,815094,EXCHANGE,"{""bid"": 39450.6473, ""ask"": 39453.2106, ""volume"": 815094, ""spread"": 2.5633}"
616,28,2024-09-06 03:54:43,45543.969,45544.8749,540642,OTC,"{""bid"": 45543.969, ""ask"": 45544.8749, ""volume"": 540642, ""spread"": 0.9059}"
617,3,2024-02-20 13:00:26,27171.9774,27175.5436,865889,OTC,"{""bid"": 27171.9774, ""ask"": 27175.5436, ""volume"": 865889, ""spread"": 3.5662}"
618,41,2024-10-28 04:58:18,13041.9185,13042.573,717540,EXCHANGE,"{""bid"": 13041.9185, ""ask"": 13042.573, ""volume"": 717540, ""spread"": 0.6545}"
619,58,2024-10-27 20:43:51,36784.2051,36784.7605,153750,EXCHANGE,"{""bid"": 36784.2051, ""ask"": 36784.7605, ""volume"": 153750, ""spread"": 0.5554}"
620,32,2024-02-04 00:32:41,13242.4534,13243.1833,564324,EXCHANGE,"{""bid"": 13242.4534, ""ask"": 13243.1833, ""volume"": 564324, ""spread"": 0.7299}"
621,59,2024-10-30 06:16:56,47973.311,47973.64,301272,OTC,"{""bid"": 47973.311, ""ask"": 47973.64, ""volume"": 301272, ""spread"": 0.329}"
622,39,2024-06-19 19:29:06,23035.325,23040.0529,306018,EXCHANGE,"{""bid"": 23035.325, ""ask"": 23040.0529, ""volume"": 306018, ""spread"": 4.7279}"
623,10,2024-02-11 10:44:10,40757.4614,40759.7121,606557,OTC,"{""bid"": 40757.4614, ""ask"": 40759.7121, ""volume"": 606557, ""spread"": 2.2507}"
624,59,2024-09-22 18:55:06,24431.7302,24436.1252,787494,OTC,"{""bid"": 24431.7302, ""ask"": 24436.1252, ""volume"": 787494, ""spread"": 4.395}"
625,31,2024-04-10 05:22:27,14769.2851,14773.5857,778482,EXCHANGE,"{""bid"": 14769.2851, ""ask"": 14773.5857, ""volume"": 778482, ""spread"": 4.3006}"
626,19,2024-02-05 21:37:23,26131.7853,26133.5484,891458,OTC,"{""bid"": 26131.7853, ""ask"": 26133.5484, ""volume"": 891458, ""spread"": 1.7631}"
627,48,2024-02-18 17:22:08,24061.8506,24064.7243,928611,EXCHANGE,"{""bid"": 24061.8506, ""ask"": 24064.7243, ""volume"": 928611, ""spread"": 2.8737}"
628,30,2024-12-15 01:17:17,38586.9915,38588.9832,635340,EXCHANGE,"{""bid"": 38586.9915, ""ask"": 38588.9832, ""volume"": 635340, ""spread"": 1.9917}"
629,18,2024-01-16 18:13:58,48458.4899,48459.4642,897625,EXCHANGE,"{""bid"": 48458.4899, ""ask"": 48459.4642, ""volume"": 897625, ""spread"": 0.9743}"
630,48,2024-02-10 11:27:24,12829.4224,12830.8179,303015,EXCHANGE,"{""bid"": 12829.4224, ""ask"": 12830.8179, ""volume"": 303015, ""spread"": 1.3955}"
631,30,2024-12-07 06:30:26,34678.7779,34681.002,700952,OTC,"{""bid"": 34678.7779, ""ask"": 34681.002, ""volume"": 700952, ""spread"": 2.2241}"
632,48,2025-01-06 17:28:23,24587.135,24590.5389,713225,OTC,"{""bid"": 24587.135, ""ask"": 24590.5389, ""volume"": 713225, ""spread"": 3.4039}"
633,51,2024-12-27 20:36:20,28604.0077,28606.4591,472722,EXCHANGE,"{""bid"": 28604.0077, ""ask"": 28606.4591, ""volume"": 472722, ""spread"": 2.4514}"
634,60,2024-12-16 02:28:58,36104.351,36109.2605,762061,EXCHANGE,"{""bid"": 36104.351, ""ask"": 36109.2605, ""volume"": 762061, ""spread"": 4.9095}"
635,4,2024-08-17 14:31:18,13833.1093,13833.6574,312273,EXCHANGE,"{""bid"": 13833.1093, ""ask"": 13833.6574, ""volume"": 312273, ""spread"": 0.5481}"
636,5,2024-06-13 11:22:06,39713.0907,39713.7442,511137,EXCHANGE,"{""bid"": 39713.0907, ""ask"": 39713.7442, ""volume"": 511137, ""spread"": 0.6535}"
637,11,2024-08-27 04:05:29,17930.1043,17934.4821,544080,EXCHANGE,"{""bid"": 17930.1043, ""ask"": 17934.4821, ""volume"": 544080, ""spread"": 4.3778}"
638,36,2025-01-02 02:23:23,34557.7971,34559.7198,920558,OTC,"{""bid"": 34557.7971, ""ask"": 34559.7198, ""volume"": 920558, ""spread"": 1.9227}"
639,55,2024-04-13 12:10:29,32411.7792,32413.2431,742260,EXCHANGE,"{""bid"": 32411.7792, ""ask"": 32413.2431, ""volume"": 742260, ""spread"": 1.4639}"
640,51,2024-02-29 12:28:15,10859.6604,10862.936,453105,OTC,"{""bid"": 10859.6604, ""ask"": 10862.936, ""volume"": 453105, ""spread"": 3.2756}"
641,23,2024-01-17 22:41:05,12238.5711,12239.431,551740,EXCHANGE,"{""bid"": 12238.5711, ""ask"": 12239.431, ""volume"": 551740, ""spread"": 0.8599}"
642,23,2024-07-11 13:42:11,24325.6143,24329.8236,644088,EXCHANGE,"{""bid"": 24325.6143, ""ask"": 24329.8236, ""volume"": 644088, ""spread"": 4.2093}"
643,41,2024-12-04 00:52:08,21898.0995,21901.2778,76226,EXCHANGE,"{""bid"": 21898.0995, ""ask"": 21901.2778, ""volume"": 76226, ""spread"": 3.1783}"
644,56,2024-10-17 14:54:21,9935.2531,9935.9226,234851,EXCHANGE,"{""bid"": 9935.2531, ""ask"": 9935.9226, ""volume"": 234851, ""spread"": 0.6695}"
645,34,2024-05-26 10:28:10,30105.344,30108.9934,235096,EXCHANGE,"{""bid"": 30105.344, ""ask"": 30108.9934, ""volume"": 235096, ""spread"": 3.6494}"
646,1,2024-12-25 19:17:26,35241.3831,35246.3361,172703,EXCHANGE,"{""bid"": 35241.3831, ""ask"": 35246.3361, ""volume"": 172703, ""spread"": 4.953}"
647,35,2024-10-20 16:30:53,30864.0538,30868.7929,821233,EXCHANGE,"{""bid"": 30864.0538, ""ask"": 30868.7929, ""volume"": 821233, ""spread"": 4.7391}"
648,10,2024-05-30 02:04:55,41221.9761,41226.2245,705296,OTC,"{""bid"": 41221.9761, ""ask"": 41226.2245, ""volume"": 705296, ""spread"": 4.2484}"
649,30,2024-12-27 16:28:38,37612.3349,37613.688,782795,EXCHANGE,"{""bid"": 37612.3349, ""ask"": 37613.688, ""volume"": 782795, ""spread"": 1.3531}"
650,44,2024-07-17 04:35:34,49467.0765,49467.5486,784485,EXCHANGE,"{""bid"": 49467.0765, ""ask"": 49467.5486, ""volume"": 784485, ""spread"": 0.4721}"
651,18,2024-10-02 06:01:42,38069.6454,38073.8276,603311,EXCHANGE,"{""bid"": 38069.6454, ""ask"": 38073.8276, ""volume"": 603311, ""spread"": 4.1822}"
652,22,2024-06-10 20:19:11,9868.4855,9872.7037,955979,EXCHANGE,"{""bid"": 9868.4855, ""ask"": 9872.7037, ""volume"": 955979, ""spread"": 4.2182}"
653,55,2025-02-01 19:24:00,33949.1901,33954.1146,212135,EXCHANGE,"{""bid"": 33949.1901, ""ask"": 33954.1146, ""volume"": 212135, ""spread"": 4.9245}"
654,39,2024-08-23 02:43:52,13191.548,13193.7293,537821,OTC,"{""bid"": 13191.548, ""ask"": 13193.7293, ""volume"": 537821, ""spread"": 2.1813}"
655,3,2024-01-18 01:13:48,40368.8696,40372.2675,951847,OTC,"{""bid"": 40368.8696, ""ask"": 40372.2675, ""volume"": 951847, ""spread"": 3.3979}"
656,4,2024-04-22 15:39:49,49259.7255,49264.663,265311,EXCHANGE,"{""bid"": 49259.7255, ""ask"": 49264.663, ""volume"": 265311, ""spread"": 4.9375}"
657,28,2024-02-23 02:48:41,43159.7069,43164.0083,949928,EXCHANGE,"{""bid"": 43159.7069, ""ask"": 43164.0083, ""volume"": 949928, ""spread"": 4.3014}"
658,36,2024-10-28 19:19:11,31777.1486,31777.7688,237711,EXCHANGE,"{""bid"": 31777.1486, ""ask"": 31777.7688, ""volume"": 237711, ""spread"": 0.6202}"
659,2,2024-03-18 19:44:30,7009.3647,7010.9586,683222,EXCHANGE,"{""bid"": 7009.3647, ""ask"": 7010.9586, ""volume"": 683222, ""spread"": 1.5939}"
660,58,2024-02-02 10:24:21,3054.8613,3055.0484,166240,EXCHANGE,"{""bid"": 3054.8613, ""ask"": 3055.0484, ""volume"": 166240, ""spread"": 0.1871}"
661,50,2024-07-30 07:45:40,5137.5968,5139.6857,512530,EXCHANGE,"{""bid"": 5137.5968, ""ask"": 5139.6857, ""volume"": 512530, ""spread"": 2.0889}"
662,44,2024-02-10 05:42:17,11711.0552,11714.6498,147886,EXCHANGE,"{""bid"": 11711.0552, ""ask"": 11714.6498, ""volume"": 147886, ""spread"": 3.5946}"
663,18,2024-08-27 04:44:41,39220.6674,39225.6609,523382,EXCHANGE,"{""bid"": 39220.6674, ""ask"": 39225.6609, ""volume"": 523382, ""spread"": 4.9935}"
664,23,2025-01-04 03:52:12,357.5781,361.2475,289694,EXCHANGE,"{""bid"": 357.5781, ""ask"": 361.2475, ""volume"": 289694, ""spread"": 3.6694}"
665,41,2024-01-08 05:29:33,37097.9455,37101.5933,59199,EXCHANGE,"{""bid"": 37097.9455, ""ask"": 37101.5933, ""volume"": 59199, ""spread"": 3.6478}"
666,59,2024-03-29 15:36:37,17205.9568,17210.8292,886052,EXCHANGE,"{""bid"": 17205.9568, ""ask"": 17210.8292, ""volume"": 886052, ""spread"": 4.8724}"
667,26,2024-01-15 15:58:27,47643.5933,47646.0809,224595,EXCHANGE,"{""bid"": 47643.5933, ""ask"": 47646.0809, ""volume"": 224595, ""spread"": 2.4876}"
668,49,2024-02-17 14:06:26,14059.4667,14062.5612,555400,EXCHANGE,"{""bid"": 14059.4667, ""ask"": 14062.5612, ""volume"": 555400, ""spread"": 3.0945}"
669,59,2024-12-13 09:06:13,24707.9576,24709.127,364627,EXCHANGE,"{""bid"": 24707.9576, ""ask"": 24709.127, ""volume"": 364627, ""spread"": 1.1694}"
670,38,2024-06-24 07:13:39,18814.7048,18816.1892,146250,EXCHANGE,"{""bid"": 18814.7048, ""ask"": 18816.1892, ""volume"": 146250, ""spread"": 1.4844}"
671,60,2025-01-26 05:01:57,7546.9236,7548.4302,31577,OTC,"{""bid"": 7546.9236, ""ask"": 7548.4302, ""volume"": 31577, ""spread"": 1.5066}"
672,41,2024-05-10 11:52:57,18306.2786,18306.3294,534024,EXCHANGE,"{""bid"": 18306.2786, ""ask"": 18306.3294, ""volume"": 534024, ""spread"": 0.0508}"
673,17,2024-02-18 07:07:34,48438.7826,48442.9191,225412,EXCHANGE,"{""bid"": 48438.7826, ""ask"": 48442.9191, ""volume"": 225412, ""spread"": 4.1365}"
674,8,2024-09-04 08:30:32,48329.9287,48331.8119,845068,OTC,"{""bid"": 48329.9287, ""ask"": 48331.8119, ""volume"": 845068, ""spread"": 1.8832}"
675,13,2024-11-10 20:29:08,7536.2927,7537.9553,351306,EXCHANGE,"{""bid"": 7536.2927, ""ask"": 7537.9553, ""volume"": 351306, ""spread"": 1.6626}"
676,33,2024-04-05 03:40:20,11463.1153,11467.7022,853911,OTC,"{""bid"": 11463.1153, ""ask"": 11467.7022, ""volume"": 853911, ""spread"": 4.5869}"
677,45,2024-06-22 09:15:49,25376.5254,25380.5009,128099,OTC,"{""bid"": 25376.5254, ""ask"": 25380.5009, ""volume"": 128099, ""spread"": 3.9755}"
678,23,2024-10-14 12:12:08,32186.6463,32190.5295,330615,OTC,"{""bid"": 32186.6463, ""ask"": 32190.5295, ""volume"": 330615, ""spread"": 3.8832}"
679,43,2024-12-28 03:27:58,39719.0986,39720.5674,888528,EXCHANGE,"{""bid"": 39719.0986, ""ask"": 39720.5674, ""volume"": 888528, ""spread"": 1.4688}"
680,21,2024-12-01 03:16:35,26493.2792,26495.5932,256189,EXCHANGE,"{""bid"": 26493.2792, ""ask"": 26495.5932, ""volume"": 256189, ""spread"": 2.314}"
681,12,2024-05-06 01:11:27,31831.9311,31836.733,482632,EXCHANGE,"{""bid"": 31831.9311, ""ask"": 31836.733, ""volume"": 482632, ""spread"": 4.8019}"
682,42,2024-06-18 05:00:51,47649.4441,47649.6835,838686,EXCHANGE,"{""bid"": 47649.4441, ""ask"": 47649.6835, ""volume"": 838686, ""spread"": 0.2394}"
683,3,2024-01-06 21:55:07,38423.1919,38424.0892,321864,EXCHANGE,"{""bid"": 38423.1919, ""ask"": 38424.0892, ""volume"": 321864, ""spread"": 0.8973}"
684,54,2025-02-02 04:00:52,23087.564,23089.5892,973333,EXCHANGE,"{""bid"": 23087.564, ""ask"": 23089.5892, ""volume"": 973333, ""spread"": 2.0252}"
685,59,2024-01-03 06:21:55,24631.1252,24634.0772,841331,EXCHANGE,"{""bid"": 24631.1252, ""ask"": 24634.0772, ""volume"": 841331, ""spread"": 2.952}"
686,53,2024-07-20 07:28:38,28763.1131,28767.7223,856081,EXCHANGE,"{""bid"": 28763.1131, ""ask"": 28767.7223, ""volume"": 856081, ""spread"": 4.6092}"
687,43,2025-01-03 03:55:16,36944.8597,36948.787,510696,OTC,"{""bid"": 36944.8597, ""ask"": 36948.787, ""volume"": 510696, ""spread"": 3.9273}"
688,5,2024-09-28 16:22:16,35086.5895,35086.6301,930999,EXCHANGE,"{""bid"": 35086.5895, ""ask"": 35086.6301, ""volume"": 930999, ""spread"": 0.0406}"
689,21,2024-09-26 15:48:16,48610.1352,48615.0939,607464,EXCHANGE,"{""bid"": 48610.1352, ""ask"": 48615.0939, ""volume"": 607464, ""spread"": 4.9587}"
690,48,2025-01-30 01:50:25,37605.5426,37607.6929,724828,EXCHANGE,"{""bid"": 37605.5426, ""ask"": 37607.6929, ""volume"": 724828, ""spread"": 2.1503}"
691,1,2024-09-05 22:33:18,21985.3061,21989.9445,74335,EXCHANGE,"{""bid"": 21985.3061, ""ask"": 21989.9445, ""volume"": 74335, ""spread"": 4.6384}"
692,38,2024-02-14 20:28:55,32125.8852,32129.3132,258167,OTC,"{""bid"": 32125.8852, ""ask"": 32129.3132, ""volume"": 258167, ""spread"": 3.428}"
693,45,2024-02-20 06:20:39,22495.2176,22498.9061,370180,EXCHANGE,"{""bid"": 22495.2176, ""ask"": 22498.9061, ""volume"": 370180, ""spread"": 3.6885}"
694,45,2024-06-21 04:22:12,29671.088,29675.6113,173397,OTC,"{""bid"": 29671.088, ""ask"": 29675.6113, ""volume"": 173397, ""spread"": 4.5233}"
695,22,2024-05-09 15:25:57,18715.486,18718.6135,223181,EXCHANGE,"{""bid"": 18715.486, ""ask"": 18718.6135, ""volume"": 223181, ""spread"": 3.1275}"
696,47,2025-01-04 02:00:11,25622.645,25624.7894,731171,EXCHANGE,"{""bid"": 25622.645, ""ask"": 25624.7894, ""volume"": 731171, ""spread"": 2.1444}"
697,7,2024-03-11 21:46:25,27923.2694,27924.1802,980010,EXCHANGE,"{""bid"": 27923.2694, ""ask"": 27924.1802, ""volume"": 980010, ""spread"": 0.9108}"
698,41,2024-01-18 23:37:43,23811.8401,23815.3131,486490,EXCHANGE,"{""bid"": 23811.8401, ""ask"": 23815.3131, ""volume"": 486490, ""spread"": 3.473}"
699,9,2024-01-20 23:00:21,4431.6821,4435.308,614148,EXCHANGE,"{""bid"": 4431.6821, ""ask"": 4435.308, ""volume"": 614148, ""spread"": 3.6259}"
700,27,2024-09-08 22:24:36,997.0194,997.1578,608606,OTC,"{""bid"": 997.0194, ""ask"": 997.1578, ""volume"": 608606, ""spread"": 0.1384}"
701,35,2024-04-30 05:22:23,14067.9131,14071.5463,875468,EXCHANGE,"{""bid"": 14067.9131, ""ask"": 14071.5463, ""volume"": 875468, ""spread"": 3.6332}"
702,31,2025-01-01 15:14:22,23980.6699,23984.186,294632,EXCHANGE,"{""bid"": 23980.6699, ""ask"": 23984.186, ""volume"": 294632, ""spread"": 3.5161}"
703,32,2024-06-20 23:20:00,4125.7511,4129.7161,368629,EXCHANGE,"{""bid"": 4125.7511, ""ask"": 4129.7161, ""volume"": 368629, ""spread"": 3.965}"
704,15,2024-07-26 06:05:19,30737.5593,30740.547,905659,EXCHANGE,"{""bid"": 30737.5593, ""ask"": 30740.547, ""volume"": 905659, ""spread"": 2.9877}"
705,15,2024-02-09 09:18:52,32762.4542,32765.2004,678273,EXCHANGE,"{""bid"": 32762.4542, ""ask"": 32765.2004, ""volume"": 678273, ""spread"": 2.7462}"
706,57,2024-02-01 16:24:28,5161.4142,5165.276,134293,EXCHANGE,"{""bid"": 5161.4142, ""ask"": 5165.276, ""volume"": 134293, ""spread"": 3.8618}"
707,14,2025-01-23 06:26:43,20986.5206,20989.8146,641473,OTC,"{""bid"": 20986.5206, ""ask"": 20989.8146, ""volume"": 641473, ""spread"": 3.294}"
708,16,2024-09-21 04:00:47,5999.0587,5999.9789,880878,EXCHANGE,"{""bid"": 5999.0587, ""ask"": 5999.9789, ""volume"": 880878, ""spread"": 0.9202}"
709,5,2024-06-02 22:41:32,48185.8181,48187.4677,491497,EXCHANGE,"{""bid"": 48185.8181, ""ask"": 48187.4677, ""volume"": 491497, ""spread"": 1.6496}"
710,19,2024-01-17 17:59:10,46550.8937,46555.4008,118083,EXCHANGE,"{""bid"": 46550.8937, ""ask"": 46555.4008, ""volume"": 118083, ""spread"": 4.5071}"
711,51,2025-01-25 05:25:29,18962.5529,18965.5613,988526,OTC,"{""bid"": 18962.5529, ""ask"": 18965.5613, ""volume"": 988526, ""spread"": 3.0084}"
712,19,2024-07-29 04:08:24,11488.0234,11491.9094,485957,OTC,"{""bid"": 11488.0234, ""ask"": 11491.9094, ""volume"": 485957, ""spread"": 3.886}"
713,44,2024-10-15 13:26:10,19897.2724,19897.7013,937980,EXCHANGE,"{""bid"": 19897.2724, ""ask"": 19897.7013, ""volume"": 937980, ""spread"": 0.4289}"
714,34,2024-12-19 17:42:59,14831.947,14835.8101,40138,EXCHANGE,"{""bid"": 14831.947, ""ask"": 14835.8101, ""volume"": 40138, ""spread"": 3.8631}"
715,42,2024-11-21 15:23:08,41085.1502,41086.8833,298041,EXCHANGE,"{""bid"": 41085.1502, ""ask"": 41086.8833, ""volume"": 298041, ""spread"": 1.7331}"
716,2,2024-02-03 15:31:25,27441.9587,27443.8299,580963,EXCHANGE,"{""bid"": 27441.9587, ""ask"": 27443.8299, ""volume"": 580963, ""spread"": 1.8712}"
717,46,2024-11-14 08:19:22,718.9373,723.8809,766595,EXCHANGE,"{""bid"": 718.9373, ""ask"": 723.8809, ""volume"": 766595, ""spread"": 4.9436}"
718,23,2024-08-11 18:51:42,41663.2316,41667.3304,254254,EXCHANGE,"{""bid"": 41663.2316, ""ask"": 41667.3304, ""volume"": 254254, ""spread"": 4.0988}"
719,1,2024-04-18 10:17:20,10276.2129,10277.0951,215357,EXCHANGE,"{""bid"": 10276.2129, ""ask"": 10277.0951, ""volume"": 215357, ""spread"": 0.8822}"
720,36,2024-06-27 21:21:46,48627.3331,48627.6186,549359,EXCHANGE,"{""bid"": 48627.3331, ""ask"": 48627.6186, ""volume"": 549359, ""spread"": 0.2855}"
721,28,2024-11-11 11:09:03,10051.1596,10052.289,777924,EXCHANGE,"{""bid"": 10051.1596, ""ask"": 10052.289, ""volume"": 777924, ""spread"": 1.1294}"
722,47,2024-12-10 17:33:01,33436.6036,33439.4243,14201,EXCHANGE,"{""bid"": 33436.6036, ""ask"": 33439.4243, ""volume"": 14201, ""spread"": 2.8207}"
723,17,2024-10-26 03:09:29,31226.6754,31229.6026,419963,EXCHANGE,"{""bid"": 31226.6754, ""ask"": 31229.6026, ""volume"": 419963, ""spread"": 2.9272}"
724,48,2024-03-26 04:21:14,205.4682,208.3758,341625,EXCHANGE,"{""bid"": 205.4682, ""ask"": 208.3758, ""volume"": 341625, ""spread"": 2.9076}"
725,21,2024-02-15 07:00:15,5035.491,5036.9189,519609,EXCHANGE,"{""bid"": 5035.491, ""ask"": 5036.9189, ""volume"": 519609, ""spread"": 1.4279}"
726,5,2024-04-02 21:09:02,27302.7592,27303.1902,144562,EXCHANGE,"{""bid"": 27302.7592, ""ask"": 27303.1902, ""volume"": 144562, ""spread"": 0.431}"
727,5,2024-04-28 17:00:35,33367.7385,33368.0422,115367,EXCHANGE,"{""bid"": 33367.7385, ""ask"": 33368.0422, ""volume"": 115367, ""spread"": 0.3037}"
728,26,2024-11-30 16:32:16,14824.805,14829.8033,215100,OTC,"{""bid"": 14824.805, ""ask"": 14829.8033, ""volume"": 215100, ""spread"": 4.9983}"
729,15,2024-07-25 20:32:01,25588.8343,25591.0522,377376,EXCHANGE,"{""bid"": 25588.8343, ""ask"": 25591.0522, ""volume"": 377376, ""spread"": 2.2179}"
730,50,2024-12-30 21:49:06,28108.3827,28111.6208,787782,EXCHANGE,"{""bid"": 28108.3827, ""ask"": 28111.6208, ""volume"": 787782, ""spread"": 3.2381}"
731,10,2024-02-29 02:54:47,12120.9152,12121.5533,849447,EXCHANGE,"{""bid"": 12120.9152, ""ask"": 12121.5533, ""volume"": 849447, ""spread"": 0.6381}"
732,23,2024-05-17 20:09:14,42993.2909,42997.7134,191466,EXCHANGE,"{""bid"": 42993.2909, ""ask"": 42997.7134, ""volume"": 191466, ""spread"": 4.4225}"
733,41,2024-08-18 12:18:42,34133.2523,34136.3185,835548,OTC,"{""bid"": 34133.2523, ""ask"": 34136.3185, ""volume"": 835548, ""spread"": 3.0662}"
734,36,2024-05-04 11:33:28,2318.7304,2323.3223,230714,EXCHANGE,"{""bid"": 2318.7304, ""ask"": 2323.3223, ""volume"": 230714, ""spread"": 4.5919}"
735,18,2024-06-30 18:19:18,6468.2908,6470.3447,881744,OTC,"{""bid"": 6468.2908, ""ask"": 6470.3447, ""volume"": 881744, ""spread"": 2.0539}"
736,11,2024-10-16 07:52:39,25072.7868,25074.0953,310428,EXCHANGE,"{""bid"": 25072.7868, ""ask"": 25074.0953, ""volume"": 310428, ""spread"": 1.3085}"
737,29,2024-10-30 10:48:17,875.6833,876.1755,182130,EXCHANGE,"{""bid"": 875.6833, ""ask"": 876.1755, ""volume"": 182130, ""spread"": 0.4922}"
738,52,2025-01-28 02:47:34,17179.5203,17183.9507,510049,OTC,"{""bid"": 17179.5203, ""ask"": 17183.9507, ""volume"": 510049, ""spread"": 4.4304}"
739,18,2024-03-12 15:16:25,33969.4344,33970.7154,54317,EXCHANGE,"{""bid"": 33969.4344, ""ask"": 33970.7154, ""volume"": 54317, ""spread"": 1.281}"
740,23,2024-04-08 15:56:16,29965.6532,29969.7678,737857,EXCHANGE,"{""bid"": 29965.6532, ""ask"": 29969.7678, ""volume"": 737857, ""spread"": 4.1146}"
741,54,2024-09-27 19:43:56,7642.7704,7644.295,94029,EXCHANGE,"{""bid"": 7642.7704, ""ask"": 7644.295, ""volume"": 94029, ""spread"": 1.5246}"
742,1,2024-03-01 12:17:07,8363.0072,8367.1574,649807,OTC,"{""bid"": 8363.0072, ""ask"": 8367.1574, ""volume"": 649807, ""spread"": 4.1502}"
743,6,2024-11-01 04:57:43,31438.5444,31442.4033,432570,OTC,"{""bid"": 31438.5444, ""ask"": 31442.4033, ""volume"": 432570, ""spread"": 3.8589}"
744,25,2024-10-28 06:27:28,14679.1922,14681.5844,921251,OTC,"{""bid"": 14679.1922, ""ask"": 14681.5844, ""volume"": 921251, ""spread"": 2.3922}"
745,26,2024-03-07 01:55:01,29614.2957,29616.5403,407850,EXCHANGE,"{""bid"": 29614.2957, ""ask"": 29616.5403, ""volume"": 407850, ""spread"": 2.2446}"
746,29,2024-10-11 18:03:32,6511.2369,6515.0009,462615,EXCHANGE,"{""bid"": 6511.2369, ""ask"": 6515.0009, ""volume"": 462615, ""spread"": 3.764}"
747,52,2024-08-06 11:47:49,14906.0432,14908.1158,684581,EXCHANGE,"{""bid"": 14906.0432, ""ask"": 14908.1158, ""volume"": 684581, ""spread"": 2.0726}"
748,10,2024-06-21 17:48:32,25546.7529,25549.9385,731231,EXCHANGE,"{""bid"": 25546.7529, ""ask"": 25549.9385, ""volume"": 731231, ""spread"": 3.1856}"
749,50,2024-06-14 15:17:23,40304.9724,40308.5838,554310,EXCHANGE,"{""bid"": 40304.9724, ""ask"": 40308.5838, ""volume"": 554310, ""spread"": 3.6114}"
750,1,2024-04-14 08:32:09,44958.6408,44959.0311,343877,EXCHANGE,"{""bid"": 44958.6408, ""ask"": 44959.0311, ""volume"": 343877, ""spread"": 0.3903}"
751,44,2024-07-09 23:04:53,20801.0873,20801.2645,59666,OTC,"{""bid"": 20801.0873, ""ask"": 20801.2645, ""volume"": 59666, ""spread"": 0.1772}"
752,26,2025-01-29 20:14:37,41573.8155,41576.1387,793849,EXCHANGE,"{""bid"": 41573.8155, ""ask"": 41576.1387, ""volume"": 793849, ""spread"": 2.3232}"
753,7,2024-01-08 10:01:14,34246.199,34250.9436,887537,OTC,"{""bid"": 34246.199, ""ask"": 34250.9436, ""volume"": 887537, ""spread"": 4.7446}"
754,25,2024-12-19 19:29:49,22571.8919,22575.6606,405059,EXCHANGE,"{""bid"": 22571.8919, ""ask"": 22575.6606, ""volume"": 405059, ""spread"": 3.7687}"
755,10,2024-03-27 16:09:30,2051.1781,2053.5712,665119,EXCHANGE,"{""bid"": 2051.1781, ""ask"": 2053.5712, ""volume"": 665119, ""spread"": 2.3931}"
756,25,2025-01-30 19:58:42,44895.6535,44899.3751,458814,EXCHANGE,"{""bid"": 44895.6535, ""ask"": 44899.3751, ""volume"": 458814, ""spread"": 3.7216}"
757,16,2024-01-23 08:16:12,25024.1041,25027.6137,606570,EXCHANGE,"{""bid"": 25024.1041, ""ask"": 25027.6137, ""volume"": 606570, ""spread"": 3.5096}"
758,35,2024-08-16 22:16:52,29714.5266,29717.6624,915990,EXCHANGE,"{""bid"": 29714.5266, ""ask"": 29717.6624, ""volume"": 915990, ""spread"": 3.1358}"
759,35,2024-02-21 23:27:51,38675.0455,38677.9977,762780,OTC,"{""bid"": 38675.0455, ""ask"": 38677.9977, ""volume"": 762780, ""spread"": 2.9522}"
760,54,2024-03-27 17:02:37,28171.8988,28173.698,50181,EXCHANGE,"{""bid"": 28171.8988, ""ask"": 28173.698, ""volume"": 50181, ""spread"": 1.7992}"
761,13,2025-01-02 04:00:09,17485.8027,17489.3131,964458,EXCHANGE,"{""bid"": 17485.8027, ""ask"": 17489.3131, ""volume"": 964458, ""spread"": 3.5104}"
762,52,2024-05-17 14:59:56,28932.6837,28936.4891,24993,EXCHANGE,"{""bid"": 28932.6837, ""ask"": 28936.4891, ""volume"": 24993, ""spread"": 3.8054}"
763,16,2024-02-22 17:17:21,5353.5293,5357.554,174791,EXCHANGE,"{""bid"": 5353.5293, ""ask"": 5357.554, ""volume"": 174791, ""spread"": 4.0247}"
764,24,2024-03-23 15:52:59,3182.1622,3183.1532,546651,OTC,"{""bid"": 3182.1622, ""ask"": 3183.1532, ""volume"": 546651, ""spread"": 0.991}"
765,28,2024-03-25 19:33:38,5549.9597,5553.4119,607581,EXCHANGE,"{""bid"": 5549.9597, ""ask"": 5553.4119, ""volume"": 607581, ""spread"": 3.4522}"
766,57,2024-10-21 12:16:29,3635.2385,3636.0231,64483,EXCHANGE,"{""bid"": 3635.2385, ""ask"": 3636.0231, ""volume"": 64483, ""spread"": 0.7846}"
767,10,2024-11-30 11:46:04,17774.5751,17776.2752,122089,EXCHANGE,"{""bid"": 17774.5751, ""ask"": 17776.2752, ""volume"": 122089, ""spread"": 1.7001}"
768,54,2024-02-07 04:24:59,21477.2075,21482.1194,705512,OTC,"{""bid"": 21477.2075, ""ask"": 21482.1194, ""volume"": 705512, ""spread"": 4.9119}"
769,1,2024-08-30 13:53:51,37522.3072,37522.9884,618185,EXCHANGE,"{""bid"": 37522.3072, ""ask"": 37522.9884, ""volume"": 618185, ""spread"": 0.6812}"
770,12,2024-03-12 09:23:06,32199.9658,32201.3932,347497,OTC,"{""bid"": 32199.9658, ""ask"": 32201.3932, ""volume"": 347497, ""spread"": 1.4274}"
771,1,2024-08-17 23:25:55,43930.9317,43931.0169,273604,EXCHANGE,"{""bid"": 43930.9317, ""ask"": 43931.0169, ""volume"": 273604, ""spread"": 0.0852}"
772,8,2024-07-23 16:21:40,9936.1568,9938.8405,463947,EXCHANGE,"{""bid"": 9936.1568, ""ask"": 9938.8405, ""volume"": 463947, ""spread"": 2.6837}"
773,36,2024-12-31 09:39:37,40169.8009,40171.3675,843602,OTC,"{""bid"": 40169.8009, ""ask"": 40171.3675, ""volume"": 843602, ""spread"": 1.5666}"
774,41,2024-02-05 22:04:42,40477.1093,40478.8027,984305,EXCHANGE,"{""bid"": 40477.1093, ""ask"": 40478.8027, ""volume"": 984305, ""spread"": 1.6934}"
775,17,2024-02-29 10:12:30,7271.3865,7274.4325,785309,EXCHANGE,"{""bid"": 7271.3865, ""ask"": 7274.4325, ""volume"": 785309, ""spread"": 3.046}"
776,28,2025-01-10 01:36:11,47805.957,47810.04,226690,EXCHANGE,"{""bid"": 47805.957, ""ask"": 47810.04, ""volume"": 226690, ""spread"": 4.083}"
777,4,2024-06-19 16:59:12,40158.9612,40162.1189,837821,EXCHANGE,"{""bid"": 40158.9612, ""ask"": 40162.1189, ""volume"": 837821, ""spread"": 3.1577}"
778,28,2024-12-25 12:17:51,7821.8567,7821.9194,282892,EXCHANGE,"{""bid"": 7821.8567, ""ask"": 7821.9194, ""volume"": 282892, ""spread"": 0.0627}"
779,35,2024-02-29 09:25:22,7925.0773,7928.016,145670,EXCHANGE,"{""bid"": 7925.0773, ""ask"": 7928.016, ""volume"": 145670, ""spread"": 2.9387}"
780,26,2024-12-15 02:46:27,39342.2991,39342.9922,493297,EXCHANGE,"{""bid"": 39342.2991, ""ask"": 39342.9922, ""volume"": 493297, ""spread"": 0.6931}"
781,60,2024-07-10 17:29:13,41034.0577,41037.8364,964195,EXCHANGE,"{""bid"": 41034.0577, ""ask"": 41037.8364, ""volume"": 964195, ""spread"": 3.7787}"
782,43,2024-02-25 20:19:16,42043.5449,42046.5739,202954,OTC,"{""bid"": 42043.5449, ""ask"": 42046.5739, ""volume"": 202954, ""spread"": 3.029}"
783,17,2024-04-09 00:30:56,10297.929,10300.3429,578348,OTC,"{""bid"": 10297.929, ""ask"": 10300.3429, ""volume"": 578348, ""spread"": 2.4139}"
784,47,2024-03-04 15:50:28,8442.5072,8447.3911,844046,EXCHANGE,"{""bid"": 8442.5072, ""ask"": 8447.3911, ""volume"": 844046, ""spread"": 4.8839}"
785,48,2024-11-16 19:55:16,45546.2332,45546.5173,857398,OTC,"{""bid"": 45546.2332, ""ask"": 45546.5173, ""volume"": 857398, ""spread"": 0.2841}"
786,4,2024-05-16 04:16:35,43286.3551,43289.1087,277991,EXCHANGE,"{""bid"": 43286.3551, ""ask"": 43289.1087, ""volume"": 277991, ""spread"": 2.7536}"
787,34,2024-02-04 06:42:15,9917.5103,9918.9996,624717,EXCHANGE,"{""bid"": 9917.5103, ""ask"": 9918.9996, ""volume"": 624717, ""spread"": 1.4893}"
788,30,2024-09-12 15:02:28,18669.0478,18669.6225,920574,EXCHANGE,"{""bid"": 18669.0478, ""ask"": 18669.6225, ""volume"": 920574, ""spread"": 0.5747}"
789,44,2024-10-11 15:19:52,34850.9544,34854.3429,949926,EXCHANGE,"{""bid"": 34850.9544, ""ask"": 34854.3429, ""volume"": 949926, ""spread"": 3.3885}"
790,14,2024-11-15 22:43:32,7783.1344,7787.3122,680858,EXCHANGE,"{""bid"": 7783.1344, ""ask"": 7787.3122, ""volume"": 680858, ""spread"": 4.1778}"
791,59,2025-02-01 04:44:57,33416.5658,33416.5802,27788,EXCHANGE,"{""bid"": 33416.5658, ""ask"": 33416.5802, ""volume"": 27788, ""spread"": 0.0144}"
792,31,2024-01-23 07:35:31,36329.804,36330.3937,768688,EXCHANGE,"{""bid"": 36329.804, ""ask"": 36330.3937, ""volume"": 768688, ""spread"": 0.5897}"
793,37,2024-12-30 13:10:16,6467.3919,6468.5551,550417,OTC,"{""bid"": 6467.3919, ""ask"": 6468.5551, ""volume"": 550417, ""spread"": 1.1632}"
794,2,2024-09-25 03:04:36,28425.9348,28430.1813,747217,OTC,"{""bid"": 28425.9348, ""ask"": 28430.1813, ""volume"": 747217, ""spread"": 4.2465}"
795,10,2024-06-12 15:22:40,25422.9294,25425.4201,240690,EXCHANGE,"{""bid"": 25422.9294, ""ask"": 25425.4201, ""volume"": 240690, ""spread"": 2.4907}"
796,8,2025-01-13 15:13:24,43039.9843,43043.1606,587972,OTC,"{""bid"": 43039.9843, ""ask"": 43043.1606, ""volume"": 587972, ""spread"": 3.1763}"
797,39,2024-10-04 15:09:40,32019.3431,32022.0935,588851,OTC,"{""bid"": 32019.3431, ""ask"": 32022.0935, ""volume"": 588851, ""spread"": 2.7504}"
798,5,2024-04-27 15:48:38,31907.2481,31909.3446,356828,EXCHANGE,"{""bid"": 31907.2481, ""ask"": 31909.3446, ""volume"": 356828, ""spread"": 2.0965}"
799,57,2024-02-06 11:03:44,21608.545,21610.4499,256499,OTC,"{""bid"": 21608.545, ""ask"": 21610.4499, ""volume"": 256499, ""spread"": 1.9049}"
800,36,2024-06-07 11:36:23,16637.5005,16640.3507,269570,EXCHANGE,"{""bid"": 16637.5005, ""ask"": 16640.3507, ""volume"": 269570, ""spread"": 2.8502}"
801,19,2024-04-11 15:47:42,16366.3849,16370.9918,532520,EXCHANGE,"{""bid"": 16366.3849, ""ask"": 16370.9918, ""volume"": 532520, ""spread"": 4.6069}"
802,59,2024-02-11 04:38:26,34195.3885,34200.2254,462907,EXCHANGE,"{""bid"": 34195.3885, ""ask"": 34200.2254, ""volume"": 462907, ""spread"": 4.8369}"
803,55,2024-03-02 06:33:06,14447.1525,14448.8114,815950,EXCHANGE,"{""bid"": 14447.1525, ""ask"": 14448.8114, ""volume"": 815950, ""spread"": 1.6589}"
804,33,2024-07-21 10:54:55,16064.2213,16065.3637,242558,EXCHANGE,"{""bid"": 16064.2213, ""ask"": 16065.3637, ""volume"": 242558, ""spread"": 1.1424}"
805,6,2024-02-17 11:08:40,19819.3413,19822.4621,615665,OTC,"{""bid"": 19819.3413, ""ask"": 19822.4621, ""volume"": 615665, ""spread"": 3.1208}"
806,25,2024-06-05 01:28:25,10272.0698,10273.0511,741115,EXCHANGE,"{""bid"": 10272.0698, ""ask"": 10273.0511, ""volume"": 741115, ""spread"": 0.9813}"
807,49,2024-06-11 02:25:34,44268.3727,44270.6863,111136,EXCHANGE,"{""bid"": 44268.3727, ""ask"": 44270.6863, ""volume"": 111136, ""spread"": 2.3136}"
808,29,2024-10-29 11:38:21,30218.444,30221.1301,600748,OTC,"{""bid"": 30218.444, ""ask"": 30221.1301, ""volume"": 600748, ""spread"": 2.6861}"
809,53,2024-04-24 02:21:05,597.3968,600.7938,609925,OTC,"{""bid"": 597.3968, ""ask"": 600.7938, ""volume"": 609925, ""spread"": 3.397}"
810,49,2024-02-15 05:59:34,22857.6452,22862.2268,503400,OTC,"{""bid"": 22857.6452, ""ask"": 22862.2268, ""volume"": 503400, ""spread"": 4.5816}"
811,30,2024-06-25 05:31:11,6336.9243,6340.9518,832475,OTC,"{""bid"": 6336.9243, ""ask"": 6340.9518, ""volume"": 832475, ""spread"": 4.0275}"
812,59,2024-12-28 17:07:10,22909.5224,22911.8284,100510,EXCHANGE,"{""bid"": 22909.5224, ""ask"": 22911.8284, ""volume"": 100510, ""spread"": 2.306}"
813,35,2024-11-21 15:03:03,21826.4053,21828.3863,342161,EXCHANGE,"{""bid"": 21826.4053, ""ask"": 21828.3863, ""volume"": 342161, ""spread"": 1.981}"
814,14,2024-11-16 04:22:06,18573.2475,18577.9822,601654,EXCHANGE,"{""bid"": 18573.2475, ""ask"": 18577.9822, ""volume"": 601654, ""spread"": 4.7347}"
815,46,2024-12-21 14:42:41,28863.401,28864.2449,997089,OTC,"{""bid"": 28863.401, ""ask"": 28864.2449, ""volume"": 997089, ""spread"": 0.8439}"
816,23,2024-12-21 13:51:50,14585.2047,14586.3327,631801,EXCHANGE,"{""bid"": 14585.2047, ""ask"": 14586.3327, ""volume"": 631801, ""spread"": 1.128}"
817,47,2024-05-08 03:25:39,49907.9827,49912.973,850425,EXCHANGE,"{""bid"": 49907.9827, ""ask"": 49912.973, ""volume"": 850425, ""spread"": 4.9903}"
818,54,2024-12-30 09:26:10,11886.1949,11890.0962,428255,EXCHANGE,"{""bid"": 11886.1949, ""ask"": 11890.0962, ""volume"": 428255, ""spread"": 3.9013}"
819,37,2024-03-30 15:34:28,30768.06,30770.3263,701227,EXCHANGE,"{""bid"": 30768.06, ""ask"": 30770.3263, ""volume"": 701227, ""spread"": 2.2663}"
820,24,2024-04-10 01:36:56,38137.4193,38138.2927,990204,EXCHANGE,"{""bid"": 38137.4193, ""ask"": 38138.2927, ""volume"": 990204, ""spread"": 0.8734}"
821,10,2024-09-05 09:39:53,18603.6462,18606.5113,915198,EXCHANGE,"{""bid"": 18603.6462, ""ask"": 18606.5113, ""volume"": 915198, ""spread"": 2.8651}"
822,19,2024-12-26 05:08:04,31179.9646,31180.3525,558870,OTC,"{""bid"": 31179.9646, ""ask"": 31180.3525, ""volume"": 558870, ""spread"": 0.3879}"
823,46,2024-08-07 05:56:42,40413.2173,40413.327,69960,EXCHANGE,"{""bid"": 40413.2173, ""ask"": 40413.327, ""volume"": 69960, ""spread"": 0.1097}"
824,6,2024-04-28 11:56:34,31003.0817,31003.4983,189741,EXCHANGE,"{""bid"": 31003.0817, ""ask"": 31003.4983, ""volume"": 189741, ""spread"": 0.4166}"
825,16,2024-04-02 19:13:50,16118.3796,16122.3676,680425,OTC,"{""bid"": 16118.3796, ""ask"": 16122.3676, ""volume"": 680425, ""spread"": 3.988}"
826,33,2024-09-05 09:27:54,22059.0913,22060.2076,393952,OTC,"{""bid"": 22059.0913, ""ask"": 22060.2076, ""volume"": 393952, ""spread"": 1.1163}"
827,2,2024-04-30 18:29:31,12704.6681,12707.8645,635512,EXCHANGE,"{""bid"": 12704.6681, ""ask"": 12707.8645, ""volume"": 635512, ""spread"": 3.1964}"
828,26,2025-01-17 13:27:21,7810.3683,7810.5537,443203,EXCHANGE,"{""bid"": 7810.3683, ""ask"": 7810.5537, ""volume"": 443203, ""spread"": 0.1854}"
829,33,2024-03-15 15:29:50,18806.6217,18810.7674,447133,EXCHANGE,"{""bid"": 18806.6217, ""ask"": 18810.7674, ""volume"": 447133, ""spread"": 4.1457}"
830,50,2024-02-15 10:15:47,42907.8121,42912.0583,830469,EXCHANGE,"{""bid"": 42907.8121, ""ask"": 42912.0583, ""volume"": 830469, ""spread"": 4.2462}"
831,44,2025-01-22 10:48:00,40949.6623,40953.4548,897333,EXCHANGE,"{""bid"": 40949.6623, ""ask"": 40953.4548, ""volume"": 897333, ""spread"": 3.7925}"
832,1,2024-09-21 01:04:20,12979.0688,12982.8561,953127,OTC,"{""bid"": 12979.0688, ""ask"": 12982.8561, ""volume"": 953127, ""spread"": 3.7873}"
833,8,2024-02-13 00:30:10,19634.6614,19637.4787,950880,EXCHANGE,"{""bid"": 19634.6614, ""ask"": 19637.4787, ""volume"": 950880, ""spread"": 2.8173}"
834,38,2024-05-15 15:05:38,21037.1553,21041.1448,587374,EXCHANGE,"{""bid"": 21037.1553, ""ask"": 21041.1448, ""volume"": 587374, ""spread"": 3.9895}"
835,45,2024-10-08 01:52:27,12096.964,12098.598,351997,EXCHANGE,"{""bid"": 12096.964, ""ask"": 12098.598, ""volume"": 351997, ""spread"": 1.634}"
836,27,2024-09-22 10:00:18,30572.0174,30576.8757,567669,EXCHANGE,"{""bid"": 30572.0174, ""ask"": 30576.8757, ""volume"": 567669, ""spread"": 4.8583}"
837,60,2024-07-01 19:10:02,17227.3148,17228.8862,572217,EXCHANGE,"{""bid"": 17227.3148, ""ask"": 17228.8862, ""volume"": 572217, ""spread"": 1.5714}"
838,5,2024-09-23 02:50:20,34288.3922,34291.6101,345747,EXCHANGE,"{""bid"": 34288.3922, ""ask"": 34291.6101, ""volume"": 345747, ""spread"": 3.2179}"
839,2,2024-09-03 01:59:55,35340.3605,35340.9257,441652,EXCHANGE,"{""bid"": 35340.3605, ""ask"": 35340.9257, ""volume"": 441652, ""spread"": 0.5652}"
840,35,2024-08-08 01:40:28,37880.419,37882.2385,801875,EXCHANGE,"{""bid"": 37880.419, ""ask"": 37882.2385, ""volume"": 801875, ""spread"": 1.8195}"
841,49,2024-09-26 13:34:13,9942.377,9943.3613,308085,EXCHANGE,"{""bid"": 9942.377, ""ask"": 9943.3613, ""volume"": 308085, ""spread"": 0.9843}"
842,47,2024-08-13 02:39:52,47788.0242,47790.3211,86733,EXCHANGE,"{""bid"": 47788.0242, ""ask"": 47790.3211, ""volume"": 86733, ""spread"": 2.2969}"
843,60,2024-04-26 22:37:41,33748.4325,33753.0646,497722,OTC,"{""bid"": 33748.4325, ""ask"": 33753.0646, ""volume"": 497722, ""spread"": 4.6321}"
844,48,2024-11-29 16:33:38,2098.531,2102.6939,365830,EXCHANGE,"{""bid"": 2098.531, ""ask"": 2102.6939, ""volume"": 365830, ""spread"": 4.1629}"
845,15,2024-12-20 16:22:05,24748.3313,24751.8441,442677,OTC,"{""bid"": 24748.3313, ""ask"": 24751.8441, ""volume"": 442677, ""spread"": 3.5128}"
846,14,2024-12-06 12:57:06,39043.1944,39047.321,642374,EXCHANGE,"{""bid"": 39043.1944, ""ask"": 39047.321, ""volume"": 642374, ""spread"": 4.1266}"
847,7,2025-01-20 09:01:30,14741.3222,14741.3597,214285,EXCHANGE,"{""bid"": 14741.3222, ""ask"": 14741.3597, ""volume"": 214285, ""spread"": 0.0375}"
848,20,2024-03-28 22:03:45,14806.8622,14811.8382,513945,EXCHANGE,"{""bid"": 14806.8622, ""ask"": 14811.8382, ""volume"": 513945, ""spread"": 4.976}"
849,34,2024-05-02 07:30:43,28363.655,28368.6393,171730,EXCHANGE,"{""bid"": 28363.655, ""ask"": 28368.6393, ""volume"": 171730, ""spread"": 4.9843}"
850,38,2024-07-12 23:49:24,15682.1575,15685.6693,220618,EXCHANGE,"{""bid"": 15682.1575, ""ask"": 15685.6693, ""volume"": 220618, ""spread"": 3.5118}"
851,19,2024-01-29 22:46:29,10859.2445,10860.9161,553748,EXCHANGE,"{""bid"": 10859.2445, ""ask"": 10860.9161, ""volume"": 553748, ""spread"": 1.6716}"
852,47,2024-11-12 06:47:50,9915.2631,9917.2851,396189,EXCHANGE,"{""bid"": 9915.2631, ""ask"": 9917.2851, ""volume"": 396189, ""spread"": 2.022}"
853,37,2024-04-28 05:29:56,22435.348,22437.0214,148038,EXCHANGE,"{""bid"": 22435.348, ""ask"": 22437.0214, ""volume"": 148038, ""spread"": 1.6734}"
854,46,2024-08-12 12:49:47,33978.9957,33979.0118,354726,EXCHANGE,"{""bid"": 33978.9957, ""ask"": 33979.0118, ""volume"": 354726, ""spread"": 0.0161}"
855,60,2024-05-21 01:29:09,42833.184,42834.3615,283092,EXCHANGE,"{""bid"": 42833.184, ""ask"": 42834.3615, ""volume"": 283092, ""spread"": 1.1775}"
856,54,2024-03-16 02:11:03,6136.6106,6139.4572,189292,EXCHANGE,"{""bid"": 6136.6106, ""ask"": 6139.4572, ""volume"": 189292, ""spread"": 2.8466}"
857,36,2025-01-12 19:47:14,48616.5466,48621.2532,480588,EXCHANGE,"{""bid"": 48616.5466, ""ask"": 48621.2532, ""volume"": 480588, ""spread"": 4.7066}"
858,16,2024-10-21 01:55:19,36336.9138,36337.7109,625395,OTC,"{""bid"": 36336.9138, ""ask"": 36337.7109, ""volume"": 625395, ""spread"": 0.7971}"
859,36,2024-11-09 12:21:43,44257.7229,44259.971,343404,OTC,"{""bid"": 44257.7229, ""ask"": 44259.971, ""volume"": 343404, ""spread"": 2.2481}"
860,44,2024-09-03 00:25:17,47719.5983,47723.2889,844196,EXCHANGE,"{""bid"": 47719.5983, ""ask"": 47723.2889, ""volume"": 844196, ""spread"": 3.6906}"
861,20,2024-12-04 04:03:18,14294.0502,14297.2679,791796,EXCHANGE,"{""bid"": 14294.0502, ""ask"": 14297.2679, ""volume"": 791796, ""spread"": 3.2177}"
862,28,2024-04-11 05:00:28,21985.8492,21990.8319,130360,EXCHANGE,"{""bid"": 21985.8492, ""ask"": 21990.8319, ""volume"": 130360, ""spread"": 4.9827}"
863,51,2024-02-29 02:09:46,43474.8356,43476.3623,269960,OTC,"{""bid"": 43474.8356, ""ask"": 43476.3623, ""volume"": 269960, ""spread"": 1.5267}"
864,1,2024-01-28 01:35:51,22742.2843,22744.8968,865140,EXCHANGE,"{""bid"": 22742.2843, ""ask"": 22744.8968, ""volume"": 865140, ""spread"": 2.6125}"
865,39,2024-01-24 05:26:53,4342.5456,4343.0862,402897,OTC,"{""bid"": 4342.5456, ""ask"": 4343.0862, ""volume"": 402897, ""spread"": 0.5406}"
866,59,2024-06-22 01:22:21,11549.5085,11552.5794,566184,EXCHANGE,"{""bid"": 11549.5085, ""ask"": 11552.5794, ""volume"": 566184, ""spread"": 3.0709}"
867,17,2024-03-22 13:42:11,41155.8928,41160.4278,162980,EXCHANGE,"{""bid"": 41155.8928, ""ask"": 41160.4278, ""volume"": 162980, ""spread"": 4.535}"
868,53,2024-09-03 18:09:07,13134.9279,13137.7516,174173,EXCHANGE,"{""bid"": 13134.9279, ""ask"": 13137.7516, ""volume"": 174173, ""spread"": 2.8237}"
869,39,2024-07-06 13:43:21,9074.9802,9079.3174,811520,EXCHANGE,"{""bid"": 9074.9802, ""ask"": 9079.3174, ""volume"": 811520, ""spread"": 4.3372}"
870,20,2024-11-18 19:47:52,8782.3246,8784.6948,905148,OTC,"{""bid"": 8782.3246, ""ask"": 8784.6948, ""volume"": 905148, ""spread"": 2.3702}"
871,37,2024-01-09 10:36:03,15539.6246,15544.3681,949456,EXCHANGE,"{""bid"": 15539.6246, ""ask"": 15544.3681, ""volume"": 949456, ""spread"": 4.7435}"
872,11,2024-03-22 08:07:37,49426.7334,49429.1014,793304,EXCHANGE,"{""bid"": 49426.7334, ""ask"": 49429.1014, ""volume"": 793304, ""spread"": 2.368}"
873,59,2024-01-02 17:38:22,47293.3078,47295.1373,186093,EXCHANGE,"{""bid"": 47293.3078, ""ask"": 47295.1373, ""volume"": 186093, ""spread"": 1.8295}"
874,10,2024-07-17 07:43:21,36984.8806,36989.6327,109371,EXCHANGE,"{""bid"": 36984.8806, ""ask"": 36989.6327, ""volume"": 109371, ""spread"": 4.7521}"
875,26,2024-11-09 17:09:41,25508.063,25509.6608,50820,OTC,"{""bid"": 25508.063, ""ask"": 25509.6608, ""volume"": 50820, ""spread"": 1.5978}"
876,16,2024-07-14 18:20:55,14787.0541,14789.6801,806197,EXCHANGE,"{""bid"": 14787.0541, ""ask"": 14789.6801, ""volume"": 806197, ""spread"": 2.626}"
877,52,2024-09-07 10:06:55,40959.7089,40961.7213,61995,EXCHANGE,"{""bid"": 40959.7089, ""ask"": 40961.7213, ""volume"": 61995, ""spread"": 2.0124}"
878,18,2024-10-26 14:00:16,6384.6257,6385.313,841859,EXCHANGE,"{""bid"": 6384.6257, ""ask"": 6385.313, ""volume"": 841859, ""spread"": 0.6873}"
879,17,2025-01-26 16:15:31,16280.0011,16280.1695,933403,EXCHANGE,"{""bid"": 16280.0011, ""ask"": 16280.1695, ""volume"": 933403, ""spread"": 0.1684}"
880,27,2024-03-12 18:26:00,9543.3671,9544.0981,350400,EXCHANGE,"{""bid"": 9543.3671, ""ask"": 9544.0981, ""volume"": 350400, ""spread"": 0.731}"
881,34,2024-03-29 06:47:58,5222.5373,5225.5266,289709,OTC,"{""bid"": 5222.5373, ""ask"": 5225.5266, ""volume"": 289709, ""spread"": 2.9893}"
882,47,2024-12-19 12:56:42,33238.4367,33239.644,515259,OTC,"{""bid"": 33238.4367, ""ask"": 33239.644, ""volume"": 515259, ""spread"": 1.2073}"
883,30,2024-01-05 05:49:34,10534.539,10534.9425,555883,OTC,"{""bid"": 10534.539, ""ask"": 10534.9425, ""volume"": 555883, ""spread"": 0.4035}"
884,12,2024-04-21 19:31:56,36981.7263,36982.6611,370583,EXCHANGE,"{""bid"": 36981.7263, ""ask"": 36982.6611, ""volume"": 370583, ""spread"": 0.9348}"
885,17,2024-05-16 23:44:04,22707.0837,22708.0797,548107,EXCHANGE,"{""bid"": 22707.0837, ""ask"": 22708.0797, ""volume"": 548107, ""spread"": 0.996}"
886,60,2024-11-20 21:14:36,23234.4979,23235.2596,662770,EXCHANGE,"{""bid"": 23234.4979, ""ask"": 23235.2596, ""volume"": 662770, ""spread"": 0.7617}"
887,32,2025-01-25 01:08:37,44142.1881,44143.4818,940290,EXCHANGE,"{""bid"": 44142.1881, ""ask"": 44143.4818, ""volume"": 940290, ""spread"": 1.2937}"
888,25,2024-04-02 21:13:56,12779.3104,12784.0531,933891,EXCHANGE,"{""bid"": 12779.3104, ""ask"": 12784.0531, ""volume"": 933891, ""spread"": 4.7427}"
889,55,2024-09-06 01:59:38,39167.9952,39171.1134,648291,EXCHANGE,"{""bid"": 39167.9952, ""ask"": 39171.1134, ""volume"": 648291, ""spread"": 3.1182}"
890,17,2024-11-08 10:32:34,25370.5052,25374.9604,126755,EXCHANGE,"{""bid"": 25370.5052, ""ask"": 25374.9604, ""volume"": 126755, ""spread"": 4.4552}"
891,8,2024-04-17 16:11:43,23438.2752,23443.1752,609821,OTC,"{""bid"": 23438.2752, ""ask"": 23443.1752, ""volume"": 609821, ""spread"": 4.9}"
892,55,2024-10-13 09:41:21,15440.3364,15442.5894,873953,OTC,"{""bid"": 15440.3364, ""ask"": 15442.5894, ""volume"": 873953, ""spread"": 2.253}"
893,19,2024-07-18 07:48:49,26859.4665,26860.0407,337158,EXCHANGE,"{""bid"": 26859.4665, ""ask"": 26860.0407, ""volume"": 337158, ""spread"": 0.5742}"
894,23,2024-04-19 18:40:54,9283.5777,9287.3545,698098,OTC,"{""bid"": 9283.5777, ""ask"": 9287.3545, ""volume"": 698098, ""spread"": 3.7768}"
895,42,2024-11-13 14:47:24,24349.9177,24351.4896,924919,OTC,"{""bid"": 24349.9177, ""ask"": 24351.4896, ""volume"": 924919, ""spread"": 1.5719}"
896,53,2024-10-09 06:24:37,16199.9164,16202.7263,505937,EXCHANGE,"{""bid"": 16199.9164, ""ask"": 16202.7263, ""volume"": 505937, ""spread"": 2.8099}"
897,3,2024-10-19 04:30:08,11208.9859,11209.0615,507088,OTC,"{""bid"": 11208.9859, ""ask"": 11209.0615, ""volume"": 507088, ""spread"": 0.0756}"
898,30,2024-12-18 10:30:57,38587.4208,38588.6018,465477,EXCHANGE,"{""bid"": 38587.4208, ""ask"": 38588.6018, ""volume"": 465477, ""spread"": 1.181}"
899,26,2024-09-30 12:03:37,17002.8164,17005.5969,404698,OTC,"{""bid"": 17002.8164, ""ask"": 17005.5969, ""volume"": 404698, ""spread"": 2.7805}"
900,30,2024-09-13 23:13:44,20767.7371,20768.9179,521959,EXCHANGE,"{""bid"": 20767.7371, ""ask"": 20768.9179, ""volume"": 521959, ""spread"": 1.1808}"
901,30,2024-09-30 22:48:08,26324.904,26328.6851,710094,OTC,"{""bid"": 26324.904, ""ask"": 26328.6851, ""volume"": 710094, ""spread"": 3.7811}"
902,6,2024-03-31 21:05:50,26014.9257,26017.6239,357115,EXCHANGE,"{""bid"": 26014.9257, ""ask"": 26017.6239, ""volume"": 357115, ""spread"": 2.6982}"
903,12,2024-09-16 10:55:36,43304.1363,43305.9168,582230,EXCHANGE,"{""bid"": 43304.1363, ""ask"": 43305.9168, ""volume"": 582230, ""spread"": 1.7805}"
904,9,2025-01-24 02:43:14,11384.903,11389.7392,516053,EXCHANGE,"{""bid"": 11384.903, ""ask"": 11389.7392, ""volume"": 516053, ""spread"": 4.8362}"
905,27,2024-01-06 14:15:58,6752.631,6752.7071,632262,EXCHANGE,"{""bid"": 6752.631, ""ask"": 6752.7071, ""volume"": 632262, ""spread"": 0.0761}"
906,17,2024-09-02 15:32:59,13948.5921,13950.8395,30594,EXCHANGE,"{""bid"": 13948.5921, ""ask"": 13950.8395, ""volume"": 30594, ""spread"": 2.2474}"
907,51,2024-05-28 01:46:02,20441.1855,20442.6091,308956,OTC,"{""bid"": 20441.1855, ""ask"": 20442.6091, ""volume"": 308956, ""spread"": 1.4236}"
908,53,2024-10-15 07:24:34,10109.5048,10111.1961,22294,EXCHANGE,"{""bid"": 10109.5048, ""ask"": 10111.1961, ""volume"": 22294, ""spread"": 1.6913}"
909,12,2024-12-23 19:50:05,11790.5399,11791.4476,714564,EXCHANGE,"{""bid"": 11790.5399, ""ask"": 11791.4476, ""volume"": 714564, ""spread"": 0.9077}"
910,5,2024-05-01 16:46:36,20932.0897,20932.4935,507875,EXCHANGE,"{""bid"": 20932.0897, ""ask"": 20932.4935, ""volume"": 507875, ""spread"": 0.4038}"
911,43,2024-02-17 09:11:20,6790.4087,6790.9235,376812,EXCHANGE,"{""bid"": 6790.4087, ""ask"": 6790.9235, ""volume"": 376812, ""spread"": 0.5148}"
912,16,2024-09-08 13:20:23,42377.3506,42378.2697,874783,EXCHANGE,"{""bid"": 42377.3506, ""ask"": 42378.2697, ""volume"": 874783, ""spread"": 0.9191}"
913,32,2024-12-26 02:54:32,21024.1396,21027.2917,97449,EXCHANGE,"{""bid"": 21024.1396, ""ask"": 21027.2917, ""volume"": 97449, ""spread"": 3.1521}"
914,27,2024-02-13 10:47:55,2624.0444,2625.6257,446278,EXCHANGE,"{""bid"": 2624.0444, ""ask"": 2625.6257, ""volume"": 446278, ""spread"": 1.5813}"
915,49,2024-01-27 21:46:01,17686.317,17691.0813,501740,EXCHANGE,"{""bid"": 17686.317, ""ask"": 17691.0813, ""volume"": 501740, ""spread"": 4.7643}"
916,57,2024-05-05 10:25:51,34915.8975,34917.7641,5424,EXCHANGE,"{""bid"": 34915.8975, ""ask"": 34917.7641, ""volume"": 5424, ""spread"": 1.8666}"
917,12,2024-10-21 21:10:20,1364.2183,1365.2777,499566,EXCHANGE,"{""bid"": 1364.2183, ""ask"": 1365.2777, ""volume"": 499566, ""spread"": 1.0594}"
918,5,2024-09-11 14:26:08,37427.4299,37432.3441,158726,EXCHANGE,"{""bid"": 37427.4299, ""ask"": 37432.3441, ""volume"": 158726, ""spread"": 4.9142}"
919,12,2024-12-24 20:41:19,30481.1491,30482.6583,629480,EXCHANGE,"{""bid"": 30481.1491, ""ask"": 30482.6583, ""volume"": 629480, ""spread"": 1.5092}"
920,39,2024-02-03 10:54:04,47230.3634,47232.2505,683891,OTC,"{""bid"": 47230.3634, ""ask"": 47232.2505, ""volume"": 683891, ""spread"": 1.8871}"
921,32,2024-12-18 05:04:56,15502.8163,15506.5322,5709,EXCHANGE,"{""bid"": 15502.8163, ""ask"": 15506.5322, ""volume"": 5709, ""spread"": 3.7159}"
922,41,2024-04-01 14:36:38,19917.2902,19921.2556,66087,EXCHANGE,"{""bid"": 19917.2902, ""ask"": 19921.2556, ""volume"": 66087, ""spread"": 3.9654}"
923,25,2024-06-02 21:57:02,41171.7207,41173.9392,696826,EXCHANGE,"{""bid"": 41171.7207, ""ask"": 41173.9392, ""volume"": 696826, ""spread"": 2.2185}"
924,30,2024-05-10 15:54:27,48195.1145,48198.9441,87848,EXCHANGE,"{""bid"": 48195.1145, ""ask"": 48198.9441, ""volume"": 87848, ""spread"": 3.8296}"
925,44,2024-12-29 16:41:58,23455.4699,23459.2588,26336,EXCHANGE,"{""bid"": 23455.4699, ""ask"": 23459.2588, ""volume"": 26336, ""spread"": 3.7889}"
926,19,2024-12-14 21:53:22,17260.0839,17260.4369,140592,EXCHANGE,"{""bid"": 17260.0839, ""ask"": 17260.4369, ""volume"": 140592, ""spread"": 0.353}"
927,16,2024-11-15 18:03:14,11169.714,11171.7275,592142,EXCHANGE,"{""bid"": 11169.714, ""ask"": 11171.7275, ""volume"": 592142, ""spread"": 2.0135}"
928,29,2024-03-20 07:28:14,26215.9175,26218.9675,529241,EXCHANGE,"{""bid"": 26215.9175, ""ask"": 26218.9675, ""volume"": 529241, ""spread"": 3.05}"
929,28,2024-08-10 09:09:59,33714.7831,33715.7605,555127,EXCHANGE,"{""bid"": 33714.7831, ""ask"": 33715.7605, ""volume"": 555127, ""spread"": 0.9774}"
930,42,2024-01-21 11:03:13,2185.6385,2188.1891,106964,OTC,"{""bid"": 2185.6385, ""ask"": 2188.1891, ""volume"": 106964, ""spread"": 2.5506}"
931,11,2024-10-15 13:39:51,41937.916,41939.9151,851090,EXCHANGE,"{""bid"": 41937.916, ""ask"": 41939.9151, ""volume"": 851090, ""spread"": 1.9991}"
932,27,2024-08-26 03:57:42,36734.8418,36736.9687,83053,OTC,"{""bid"": 36734.8418, ""ask"": 36736.9687, ""volume"": 83053, ""spread"": 2.1269}"
933,35,2024-03-21 05:19:48,31621.1743,31624.7556,550930,EXCHANGE,"{""bid"": 31621.1743, ""ask"": 31624.7556, ""volume"": 550930, ""spread"": 3.5813}"
934,57,2024-09-30 20:36:06,2815.6621,2816.2948,607827,EXCHANGE,"{""bid"": 2815.6621, ""ask"": 2816.2948, ""volume"": 607827, ""spread"": 0.6327}"
935,2,2024-06-26 11:24:28,1682.7833,1683.9013,847494,EXCHANGE,"{""bid"": 1682.7833, ""ask"": 1683.9013, ""volume"": 847494, ""spread"": 1.118}"
936,35,2024-08-16 17:15:46,11162.0013,11164.6974,812073,EXCHANGE,"{""bid"": 11162.0013, ""ask"": 11164.6974, ""volume"": 812073, ""spread"": 2.6961}"
937,22,2024-02-15 16:50:20,39309.1709,39312.4211,240943,OTC,"{""bid"": 39309.1709, ""ask"": 39312.4211, ""volume"": 240943, ""spread"": 3.2502}"
938,14,2024-02-09 02:28:13,46448.6428,46453.5397,628814,EXCHANGE,"{""bid"": 46448.6428, ""ask"": 46453.5397, ""volume"": 628814, ""spread"": 4.8969}"
939,51,2024-01-14 18:47:18,17752.0626,17752.7816,907546,EXCHANGE,"{""bid"": 17752.0626, ""ask"": 17752.7816, ""volume"": 907546, ""spread"": 0.719}"
940,56,2024-07-23 18:42:12,23949.9921,23954.6755,547420,OTC,"{""bid"": 23949.9921, ""ask"": 23954.6755, ""volume"": 547420, ""spread"": 4.6834}"
941,6,2024-05-10 16:07:02,46244.4397,46245.3409,587638,EXCHANGE,"{""bid"": 46244.4397, ""ask"": 46245.3409, ""volume"": 587638, ""spread"": 0.9012}"
942,8,2024-12-16 06:32:22,2924.9905,2928.3246,668879,EXCHANGE,"{""bid"": 2924.9905, ""ask"": 2928.3246, ""volume"": 668879, ""spread"": 3.3341}"
943,1,2024-05-01 18:12:54,30945.536,30950.2213,835853,EXCHANGE,"{""bid"": 30945.536, ""ask"": 30950.2213, ""volume"": 835853, ""spread"": 4.6853}"
944,19,2024-01-05 05:17:59,10350.4527,10350.7865,482485,EXCHANGE,"{""bid"": 10350.4527, ""ask"": 10350.7865, ""volume"": 482485, ""spread"": 0.3338}"
945,17,2024-02-26 01:24:38,41422.0924,41422.7,698404,EXCHANGE,"{""bid"": 41422.0924, ""ask"": 41422.7, ""volume"": 698404, ""spread"": 0.6076}"
946,26,2024-04-30 01:51:55,43118.0521,43118.4787,908052,EXCHANGE,"{""bid"": 43118.0521, ""ask"": 43118.4787, ""volume"": 908052, ""spread"": 0.4266}"
947,12,2024-06-07 10:50:47,30650.9668,30653.6226,109770,OTC,"{""bid"": 30650.9668, ""ask"": 30653.6226, ""volume"": 109770, ""spread"": 2.6558}"
948,34,2024-09-19 03:35:17,10773.064,10777.618,875707,EXCHANGE,"{""bid"": 10773.064, ""ask"": 10777.618, ""volume"": 875707, ""spread"": 4.554}"
949,20,2024-01-31 06:59:53,5100.6752,5103.7316,777073,EXCHANGE,"{""bid"": 5100.6752, ""ask"": 5103.7316, ""volume"": 777073, ""spread"": 3.0564}"
950,18,2024-10-27 03:58:27,35567.3151,35570.5965,763376,OTC,"{""bid"": 35567.3151, ""ask"": 35570.5965, ""volume"": 763376, ""spread"": 3.2814}"
951,8,2024-10-04 11:26:24,17026.6965,17029.1222,706670,EXCHANGE,"{""bid"": 17026.6965, ""ask"": 17029.1222, ""volume"": 706670, ""spread"": 2.4257}"
952,11,2024-12-31 02:30:37,35132.9511,35135.4882,837638,EXCHANGE,"{""bid"": 35132.9511, ""ask"": 35135.4882, ""volume"": 837638, ""spread"": 2.5371}"
953,23,2024-05-01 03:10:45,31835.0657,31837.8337,832927,EXCHANGE,"{""bid"": 31835.0657, ""ask"": 31837.8337, ""volume"": 832927, ""spread"": 2.768}"
954,45,2024-08-08 13:52:15,19279.5308,19282.0597,588115,EXCHANGE,"{""bid"": 19279.5308, ""ask"": 19282.0597, ""volume"": 588115, ""spread"": 2.5289}"
955,48,2024-06-11 07:27:02,37632.786,37636.0367,666688,EXCHANGE,"{""bid"": 37632.786, ""ask"": 37636.0367, ""volume"": 666688, ""spread"": 3.2507}"
956,50,2024-08-31 04:23:29,3358.1569,3359.3085,35459,EXCHANGE,"{""bid"": 3358.1569, ""ask"": 3359.3085, ""volume"": 35459, ""spread"": 1.1516}"
957,3,2024-09-01 00:51:35,44800.6457,44800.7729,806760,EXCHANGE,"{""bid"": 44800.6457, ""ask"": 44800.7729, ""volume"": 806760, ""spread"": 0.1272}"
958,30,2024-11-05 12:32:06,34541.5238,34542.3084,505569,EXCHANGE,"{""bid"": 34541.5238, ""ask"": 34542.3084, ""volume"": 505569, ""spread"": 0.7846}"
959,22,2024-06-28 22:28:25,46220.5194,46220.5958,511425,EXCHANGE,"{""bid"": 46220.5194, ""ask"": 46220.5958, ""volume"": 511425, ""spread"": 0.0764}"
960,36,2024-06-12 08:18:38,18932.3856,18936.2911,604131,OTC,"{""bid"": 18932.3856, ""ask"": 18936.2911, ""volume"": 604131, ""spread"": 3.9055}"
961,29,2024-11-20 12:53:48,43007.9814,43010.875,221203,EXCHANGE,"{""bid"": 43007.9814, ""ask"": 43010.875, ""volume"": 221203, ""spread"": 2.8936}"
962,24,2024-04-06 04:14:44,27325.815,27329.4345,558388,EXCHANGE,"{""bid"": 27325.815, ""ask"": 27329.4345, ""volume"": 558388, ""spread"": 3.6195}"
963,22,2024-01-26 05:20:05,29191.3299,29194.2974,144129,OTC,"{""bid"": 29191.3299, ""ask"": 29194.2974, ""volume"": 144129, ""spread"": 2.9675}"
964,35,2024-03-06 17:59:56,26107.2462,26111.6029,205935,OTC,"{""bid"": 26107.2462, ""ask"": 26111.6029, ""volume"": 205935, ""spread"": 4.3567}"
965,3,2024-03-31 00:51:25,1688.4355,1688.8376,494660,EXCHANGE,"{""bid"": 1688.4355, ""ask"": 1688.8376, ""volume"": 494660, ""spread"": 0.4021}"
966,41,2024-12-08 03:10:24,49548.4225,49551.1641,888039,EXCHANGE,"{""bid"": 49548.4225, ""ask"": 49551.1641, ""volume"": 888039, ""spread"": 2.7416}"
967,1,2024-12-22 05:22:53,8754.7899,8756.1399,647998,EXCHANGE,"{""bid"": 8754.7899, ""ask"": 8756.1399, ""volume"": 647998, ""spread"": 1.35}"
968,46,2024-04-28 11:23:10,13064.1255,13068.8813,470626,EXCHANGE,"{""bid"": 13064.1255, ""ask"": 13068.8813, ""volume"": 470626, ""spread"": 4.7558}"
969,58,2024-08-20 01:43:19,21607.1599,21607.9018,241081,OTC,"{""bid"": 21607.1599, ""ask"": 21607.9018, ""volume"": 241081, ""spread"": 0.7419}"
970,33,2025-01-04 14:35:55,30861.6199,30864.25,232983,EXCHANGE,"{""bid"": 30861.6199, ""ask"": 30864.25, ""volume"": 232983, ""spread"": 2.6301}"
971,60,2025-01-29 10:59:33,10161.5287,10163.1767,454717,EXCHANGE,"{""bid"": 10161.5287, ""ask"": 10163.1767, ""volume"": 454717, ""spread"": 1.648}"
972,35,2024-09-14 16:40:38,14158.9417,14160.0845,658851,OTC,"{""bid"": 14158.9417, ""ask"": 14160.0845, ""volume"": 658851, ""spread"": 1.1428}"
973,6,2024-01-14 03:29:06,44943.7045,44948.4265,842020,EXCHANGE,"{""bid"": 44943.7045, ""ask"": 44948.4265, ""volume"": 842020, ""spread"": 4.722}"
974,25,2024-06-26 08:13:01,15067.7676,15068.6162,765566,EXCHANGE,"{""bid"": 15067.7676, ""ask"": 15068.6162, ""volume"": 765566, ""spread"": 0.8486}"
975,48,2024-09-16 11:28:31,13418.0177,13419.1676,735228,EXCHANGE,"{""bid"": 13418.0177, ""ask"": 13419.1676, ""volume"": 735228, ""spread"": 1.1499}"
976,26,2024-12-10 10:08:42,28513.2923,28513.9622,952318,EXCHANGE,"{""bid"": 28513.2923, ""ask"": 28513.9622, ""volume"": 952318, ""spread"": 0.6699}"
977,12,2024-03-19 23:09:51,11354.8694,11356.1992,31141,EXCHANGE,"{""bid"": 11354.8694, ""ask"": 11356.1992, ""volume"": 31141, ""spread"": 1.3298}"
978,6,2024-03-12 18:43:40,39247.508,39251.3819,196570,EXCHANGE,"{""bid"": 39247.508, ""ask"": 39251.3819, ""volume"": 196570, ""spread"": 3.8739}"
979,18,2024-10-14 14:38:54,11657.0656,11658.7248,410599,EXCHANGE,"{""bid"": 11657.0656, ""ask"": 11658.7248, ""volume"": 410599, ""spread"": 1.6592}"
980,25,2024-08-15 15:42:34,42012.2521,42014.4826,242908,EXCHANGE,"{""bid"": 42012.2521, ""ask"": 42014.4826, ""volume"": 242908, ""spread"": 2.2305}"
981,59,2025-02-02 20:30:09,37242.0612,37246.9175,586577,EXCHANGE,"{""bid"": 37242.0612, ""ask"": 37246.9175, ""volume"": 586577, ""spread"": 4.8563}"
982,20,2024-04-20 01:04:52,21931.6384,21935.3774,651347,EXCHANGE,"{""bid"": 21931.6384, ""ask"": 21935.3774, ""volume"": 651347, ""spread"": 3.739}"
983,2,2024-03-03 09:21:59,8787.7974,8792.0578,845502,OTC,"{""bid"": 8787.7974, ""ask"": 8792.0578, ""volume"": 845502, ""spread"": 4.2604}"
984,12,2024-02-13 19:23:18,249.204,251.0304,811694,EXCHANGE,"{""bid"": 249.204, ""ask"": 251.0304, ""volume"": 811694, ""spread"": 1.8264}"
985,46,2024-01-24 10:03:21,13767.8077,13768.2742,654651,OTC,"{""bid"": 13767.8077, ""ask"": 13768.2742, ""volume"": 654651, ""spread"": 0.4665}"
986,10,2024-09-15 16:19:32,47841.1302,47843.7453,910820,EXCHANGE,"{""bid"": 47841.1302, ""ask"": 47843.7453, ""volume"": 910820, ""spread"": 2.6151}"
987,43,2025-01-21 02:02:37,9175.6035,9176.1991,283820,EXCHANGE,"{""bid"": 9175.6035, ""ask"": 9176.1991, ""volume"": 283820, ""spread"": 0.5956}"
988,33,2024-08-02 22:03:37,4610.8551,4614.089,936310,EXCHANGE,"{""bid"": 4610.8551, ""ask"": 4614.089, ""volume"": 936310, ""spread"": 3.2339}"
989,34,2024-10-15 15:32:22,6948.245,6950.2033,553991,OTC,"{""bid"": 6948.245, ""ask"": 6950.2033, ""volume"": 553991, ""spread"": 1.9583}"
990,22,2024-06-14 00:09:17,11014.6697,11018.4102,786428,OTC,"{""bid"": 11014.6697, ""ask"": 11018.4102, ""volume"": 786428, ""spread"": 3.7405}"
991,37,2024-09-08 15:25:40,11683.9355,11688.7572,280164,EXCHANGE,"{""bid"": 11683.9355, ""ask"": 11688.7572, ""volume"": 280164, ""spread"": 4.8217}"
992,44,2024-01-23 00:07:34,25678.7734,25683.0318,902908,EXCHANGE,"{""bid"": 25678.7734, ""ask"": 25683.0318, ""volume"": 902908, ""spread"": 4.2584}"
993,43,2024-08-29 13:26:05,21962.8962,21963.6865,632433,EXCHANGE,"{""bid"": 21962.8962, ""ask"": 21963.6865, ""volume"": 632433, ""spread"": 0.7903}"
994,13,2024-12-17 06:16:26,12221.607,12224.4953,829613,EXCHANGE,"{""bid"": 12221.607, ""ask"": 12224.4953, ""volume"": 829613, ""spread"": 2.8883}"
995,58,2024-06-24 22:00:11,25467.6715,25469.5245,682159,OTC,"{""bid"": 25467.6715, ""ask"": 25469.5245, ""volume"": 682159, ""spread"": 1.853}"
996,50,2024-10-20 09:22:52,33974.0963,33975.0913,462925,EXCHANGE,"{""bid"": 33974.0963, ""ask"": 33975.0913, ""volume"": 462925, ""spread"": 0.995}"
997,51,2024-11-19 15:19:08,1871.4495,1876.4342,953180,EXCHANGE,"{""bid"": 1871.4495, ""ask"": 1876.4342, ""volume"": 953180, ""spread"": 4.9847}"
998,50,2024-02-22 07:52:00,46494.8171,46498.1975,742343,EXCHANGE,"{""bid"": 46494.8171, ""ask"": 46498.1975, ""volume"": 742343, ""spread"": 3.3804}"
999,46,2024-03-06 14:51:31,26408.3973,26412.2876,785815,OTC,"{""bid"": 26408.3973, ""ask"": 26412.2876, ""volume"": 785815, ""spread"": 3.8903}"
1000,50,2024-02-14 18:01:38,19998.6964,20003.6074,260761,EXCHANGE,"{""bid"": 19998.6964, ""ask"": 20003.6074, ""volume"": 260761, ""spread"": 4.911}"
